==> [1/44] cargo fmt --all -- --check
==> [2/44] cargo clippy --locked --workspace --exclude platform_macos --all-targets -- -D warnings
warning: missing documentation for the crate
 --> vendor/llama-cpp-2/build.rs:1:1
  |
1 | / fn main() {
2 | |     if let Ok(dir) = std::env::var("DEP_LLAMA_BACKENDS_DIR") {
3 | |         println!("cargo:rustc-env=GGML_BACKENDS_DIR={}", dir);
4 | |     }
5 | | }
  | |_^
  |
  = note: requested on the command line with `-W missing-docs`

warning: `llama-cpp-2` (build script) generated 1 warning
warning: use of deprecated enum `model::Special`: This enum is a mixture of options for llama cpp providing less flexibility it only used with deprecated methods and will be removed in the future.
   --> vendor/llama-cpp-2/src/model.rs:265:18
    |
265 |         special: Special,
    |                  ^^^^^^^
    |
    = note: `#[warn(deprecated)]` on by default

warning: use of deprecated unit variant `model::Special::Tokenize`: This enum is a mixture of options for llama cpp providing less flexibility it only used with deprecated methods and will be removed in the future.
   --> vendor/llama-cpp-2/src/model.rs:272:40
    |
272 |             matches!(special, Special::Tokenize),
    |                                        ^^^^^^^^

warning: use of deprecated enum `model::Special`: This enum is a mixture of options for llama cpp providing less flexibility it only used with deprecated methods and will be removed in the future.
   --> vendor/llama-cpp-2/src/model.rs:290:18
    |
290 |         special: Special,
    |                  ^^^^^^^

warning: use of deprecated unit variant `model::Special::Tokenize`: This enum is a mixture of options for llama cpp providing less flexibility it only used with deprecated methods and will be removed in the future.
   --> vendor/llama-cpp-2/src/model.rs:293:78
    |
293 |         match self.token_to_piece_bytes(token, 8, matches!(special, Special::Tokenize), None) {
    |                                                                              ^^^^^^^^

warning: use of deprecated unit variant `model::Special::Tokenize`: This enum is a mixture of options for llama cpp providing less flexibility it only used with deprecated methods and will be removed in the future.
   --> vendor/llama-cpp-2/src/model.rs:297:44
    |
297 |                 matches!(special, Special::Tokenize),
    |                                            ^^^^^^^^

warning: use of deprecated enum `model::Special`: This enum is a mixture of options for llama cpp providing less flexibility it only used with deprecated methods and will be removed in the future.
   --> vendor/llama-cpp-2/src/model.rs:316:18
    |
316 |         special: Special,
    |                  ^^^^^^^

warning: use of deprecated unit variant `model::Special::Tokenize`: This enum is a mixture of options for llama cpp providing less flexibility it only used with deprecated methods and will be removed in the future.
   --> vendor/llama-cpp-2/src/model.rs:322:81
    |
322 |             .map(|t| self.token_to_piece_bytes(t, 8, matches!(special, Special::Tokenize), None))
    |                                                                                 ^^^^^^^^

warning: use of deprecated enum `model::Special`: This enum is a mixture of options for llama cpp providing less flexibility it only used with deprecated methods and will be removed in the future.
   --> vendor/llama-cpp-2/src/model.rs:532:18
    |
532 |         special: Special,
    |                  ^^^^^^^

warning: use of deprecated unit variant `model::Special::Tokenize`: This enum is a mixture of options for llama cpp providing less flexibility it only used with deprecated methods and will be removed in the future.
   --> vendor/llama-cpp-2/src/model.rs:537:40
    |
537 |             matches!(special, Special::Tokenize),
    |                                        ^^^^^^^^

warning: use of deprecated enum `model::Special`: This enum is a mixture of options for llama cpp providing less flexibility it only used with deprecated methods and will be removed in the future.
   --> vendor/llama-cpp-2/src/model.rs:562:18
    |
562 |         special: Special,
    |                  ^^^^^^^

warning: use of deprecated unit variant `model::Special::Tokenize`: This enum is a mixture of options for llama cpp providing less flexibility it only used with deprecated methods and will be removed in the future.
   --> vendor/llama-cpp-2/src/model.rs:581:22
    |
581 |             Special::Tokenize => true,
    |                      ^^^^^^^^

warning: use of deprecated unit variant `model::Special::Plaintext`: This enum is a mixture of options for llama cpp providing less flexibility it only used with deprecated methods and will be removed in the future.
   --> vendor/llama-cpp-2/src/model.rs:582:22
    |
582 |             Special::Plaintext => false,
    |                      ^^^^^^^^^

warning: missing documentation for a variant
   --> vendor/llama-cpp-2/src/model.rs:149:5
    |
149 |     Norm,
    |     ^^^^
    |
    = note: requested on the command line with `-W missing-docs`

warning: missing documentation for a variant
   --> vendor/llama-cpp-2/src/model.rs:150:5
    |
150 |     NeoX,
    |     ^^^^

warning: missing documentation for a variant
   --> vendor/llama-cpp-2/src/model.rs:151:5
    |
151 |     MRope,
    |     ^^^^^

warning: missing documentation for a variant
   --> vendor/llama-cpp-2/src/model.rs:152:5
    |
152 |     Vision,
    |     ^^^^^^

warning: `llama-cpp-2` (lib) generated 16 warnings
    Checking platform v0.1.6 (/home/mudrii/src/compme/crates/platform)
    Checking app v0.1.6 (/home/mudrii/src/compme/crates/app)
    Finished `dev` profile [unoptimized + debuginfo] target(s) in 2.21s
==> [3/44] cargo test --locked --workspace --exclude platform_macos --exclude app --all-targets
warning: missing documentation for the crate
 --> vendor/llama-cpp-2/build.rs:1:1
  |
1 | / fn main() {
2 | |     if let Ok(dir) = std::env::var("DEP_LLAMA_BACKENDS_DIR") {
3 | |         println!("cargo:rustc-env=GGML_BACKENDS_DIR={}", dir);
4 | |     }
5 | | }
  | |_^
  |
  = note: requested on the command line with `-W missing-docs`

warning: `llama-cpp-2` (build script) generated 1 warning
warning: use of deprecated enum `model::Special`: This enum is a mixture of options for llama cpp providing less flexibility it only used with deprecated methods and will be removed in the future.
   --> vendor/llama-cpp-2/src/model.rs:265:18
    |
265 |         special: Special,
    |                  ^^^^^^^
    |
    = note: `#[warn(deprecated)]` on by default

warning: use of deprecated unit variant `model::Special::Tokenize`: This enum is a mixture of options for llama cpp providing less flexibility it only used with deprecated methods and will be removed in the future.
   --> vendor/llama-cpp-2/src/model.rs:272:40
    |
272 |             matches!(special, Special::Tokenize),
    |                                        ^^^^^^^^

warning: use of deprecated enum `model::Special`: This enum is a mixture of options for llama cpp providing less flexibility it only used with deprecated methods and will be removed in the future.
   --> vendor/llama-cpp-2/src/model.rs:290:18
    |
290 |         special: Special,
    |                  ^^^^^^^

warning: use of deprecated unit variant `model::Special::Tokenize`: This enum is a mixture of options for llama cpp providing less flexibility it only used with deprecated methods and will be removed in the future.
   --> vendor/llama-cpp-2/src/model.rs:293:78
    |
293 |         match self.token_to_piece_bytes(token, 8, matches!(special, Special::Tokenize), None) {
    |                                                                              ^^^^^^^^

warning: use of deprecated unit variant `model::Special::Tokenize`: This enum is a mixture of options for llama cpp providing less flexibility it only used with deprecated methods and will be removed in the future.
   --> vendor/llama-cpp-2/src/model.rs:297:44
    |
297 |                 matches!(special, Special::Tokenize),
    |                                            ^^^^^^^^

warning: use of deprecated enum `model::Special`: This enum is a mixture of options for llama cpp providing less flexibility it only used with deprecated methods and will be removed in the future.
   --> vendor/llama-cpp-2/src/model.rs:316:18
    |
316 |         special: Special,
    |                  ^^^^^^^

warning: use of deprecated unit variant `model::Special::Tokenize`: This enum is a mixture of options for llama cpp providing less flexibility it only used with deprecated methods and will be removed in the future.
   --> vendor/llama-cpp-2/src/model.rs:322:81
    |
322 |             .map(|t| self.token_to_piece_bytes(t, 8, matches!(special, Special::Tokenize), None))
    |                                                                                 ^^^^^^^^

warning: use of deprecated enum `model::Special`: This enum is a mixture of options for llama cpp providing less flexibility it only used with deprecated methods and will be removed in the future.
   --> vendor/llama-cpp-2/src/model.rs:532:18
    |
532 |         special: Special,
    |                  ^^^^^^^

warning: use of deprecated unit variant `model::Special::Tokenize`: This enum is a mixture of options for llama cpp providing less flexibility it only used with deprecated methods and will be removed in the future.
   --> vendor/llama-cpp-2/src/model.rs:537:40
    |
537 |             matches!(special, Special::Tokenize),
    |                                        ^^^^^^^^

warning: use of deprecated enum `model::Special`: This enum is a mixture of options for llama cpp providing less flexibility it only used with deprecated methods and will be removed in the future.
   --> vendor/llama-cpp-2/src/model.rs:562:18
    |
562 |         special: Special,
    |                  ^^^^^^^

warning: use of deprecated unit variant `model::Special::Tokenize`: This enum is a mixture of options for llama cpp providing less flexibility it only used with deprecated methods and will be removed in the future.
   --> vendor/llama-cpp-2/src/model.rs:581:22
    |
581 |             Special::Tokenize => true,
    |                      ^^^^^^^^

warning: use of deprecated unit variant `model::Special::Plaintext`: This enum is a mixture of options for llama cpp providing less flexibility it only used with deprecated methods and will be removed in the future.
   --> vendor/llama-cpp-2/src/model.rs:582:22
    |
582 |             Special::Plaintext => false,
    |                      ^^^^^^^^^

warning: missing documentation for a variant
   --> vendor/llama-cpp-2/src/model.rs:149:5
    |
149 |     Norm,
    |     ^^^^
    |
    = note: requested on the command line with `-W missing-docs`

warning: missing documentation for a variant
   --> vendor/llama-cpp-2/src/model.rs:150:5
    |
150 |     NeoX,
    |     ^^^^

warning: missing documentation for a variant
   --> vendor/llama-cpp-2/src/model.rs:151:5
    |
151 |     MRope,
    |     ^^^^^

warning: missing documentation for a variant
   --> vendor/llama-cpp-2/src/model.rs:152:5
    |
152 |     Vision,
    |     ^^^^^^

warning: `llama-cpp-2` (lib) generated 16 warnings
   Compiling platform v0.1.6 (/home/mudrii/src/compme/crates/platform)
    Finished `test` profile [unoptimized + debuginfo] target(s) in 0.29s
     Running unittests src/lib.rs (target/debug/deps/autocorrect-09ae54c1f1435d3c)

running 14 tests
test tests::correctly_spelled_word_is_not_corrected ... ok
test tests::corrects_a_known_typo ... ok
test tests::corrections_are_not_themselves_typos_so_applying_twice_is_stable ... ok
test tests::deliberately_excluded_ambiguous_real_words_never_correct ... ok
test tests::every_typo_key_resolves_to_its_table_value ... ok
test tests::empty_input_is_none ... ok
test tests::mixed_case_query_is_handled_deterministically ... ok
test tests::lookup_is_case_insensitive_and_trims ... ok
test tests::correcting_twice_equals_correcting_once ... ok
test tests::multi_word_correction_keeps_case ... ok
test tests::multibyte_words_are_safe_and_never_falsely_corrected ... ok
test tests::no_typo_key_maps_to_itself_and_keys_are_unique ... ok
test tests::preserves_query_capitalization ... ok
test tests::trailing_punctuation_is_not_a_known_typo ... ok

test result: ok. 14 passed; 0 failed; 0 ignored; 0 measured; 0 filtered out; finished in 0.00s

     Running unittests src/lib.rs (target/debug/deps/compat-44c00e5f7e37308b)

running 49 tests
test tests::accessibility_setup_detected_for_unreadable_browsers_and_setup_apps ... ok
test tests::accessibility_setup_for_unreadable_mirror_only_browser ... ok
test tests::accessibility_setup_not_needed_for_unknown_non_browser ... ok
test tests::app_policy_centralizes_overlapping_tier_editor_and_prose_decisions ... ok
test tests::accessibility_setup_is_false_for_non_browser_non_setup_app ... ok
test tests::apple_terminal_is_gated_like_iterm ... ok
test tests::applications_path_without_contents_macos_is_not_an_executable_invocation ... ok
test tests::browser_families_match_variants_but_not_lookalikes ... ok
test tests::browser_variant_and_helper_ids_get_concrete_tier ... ok
test tests::code_editor_classifier_is_normalized_and_conservative ... ok
test tests::empty_tokens_are_not_a_go_command ... ok
test tests::deep_relative_path_not_under_bin_or_scripts_is_not_an_executable_invocation ... ok
test tests::is_browser_false_for_bare_family_prefix_with_empty_suffix ... ok
test tests::every_curated_browser_has_a_concrete_tier ... ok
test tests::is_browser_false_for_empty_bundle_id ... ok
test tests::is_browser_rejects_same_segment_lookalike_without_dot_boundary ... ok
test tests::linux_code_process_identity_does_not_imply_integrated_terminal_focus ... ok
test tests::known_apps_map_to_their_tiers ... ok
test tests::miscased_sidebar_only_editor_keeps_restriction ... ok
test tests::miscased_terminal_is_still_a_terminal ... ok
test tests::miscased_unsupported_app_is_not_fail_open ... ok
test tests::linux_proc_terminal_executable_identities_use_terminal_prompt_policy ... ok
test tests::non_latin_prose_activates_in_a_terminal ... ok
test tests::non_terminal_app_always_activates_regardless_of_line ... ok
test tests::sidebar_only_flag_is_set_only_for_code_editors ... ok
test tests::shell_command_detection_covers_multitoken_just_and_env_long_options ... ok
test tests::statistical_autocorrect_app_allowlist_fails_closed_for_unknown_and_browser_apps ... ok
test tests::terminal_activates_for_minimal_three_word_prompt ... ok
test tests::terminal_empty_or_whitespace_line_does_not_activate ... ok
test tests::terminal_does_not_activate_for_prompt_without_lowercase ... ok
test tests::terminal_handles_lines_ending_in_shell_operators_without_panicking ... ok
test tests::terminal_heuristic_does_not_apply_to_unlisted_terminals ... ok
test tests::terminal_activates_only_for_natural_language_prompts ... ok
test tests::terminal_keeps_common_agent_verbs_with_option_like_prose_active ... ok
test tests::terminal_path_arg_tail_marks_line_as_shell_input ... ok
test tests::terminal_keeps_command_like_natural_language_prompts_active ... ok
test tests::terminal_skips_commands_after_realistic_prompt_decorations ... ok
test tests::terminal_skips_go_commands_case_insensitively ... ok
test tests::terminal_keeps_natural_language_using_command_words_active ... ok
test tests::terminal_skips_shell_leaders_case_insensitively ... ok
test tests::terminal_skips_common_shells_builtins_and_command_syntax ... ok
test tests::terminal_skips_unlisted_executable_with_option_arguments ... ok
test tests::terminal_skips_user_executable_path_invocations ... ok
test tests::trailing_dot_and_whitespace_id_classifies_like_canonical ... ok
test tests::unknown_app_is_unknown_and_allowed ... ok
test tests::unsupported_blocks_suggestions ... ok
test tests::terminal_skips_uppercase_or_pathy_lines_with_no_prose ... ok
test tests::terminal_skips_common_lowercase_shell_commands ... ok
test tests::unsupported_is_the_only_global_block ... ok

test result: ok. 49 passed; 0 failed; 0 ignored; 0 measured; 0 filtered out; finished in 0.00s

     Running unittests src/lib.rs (target/debug/deps/context-99312fd6371d5e0f)

running 40 tests
test tests::context_block_bounds_after_whitespace_collapse_per_source ... ok
test tests::context_block_bounds_each_source_to_max_chars_keeping_the_tail ... ok
test tests::context_block_empty_without_sources ... ok
test tests::context_block_includes_previous_inputs ... ok
test tests::context_block_includes_screen_text ... ok
test tests::context_block_includes_clipboard ... ok
test tests::context_block_keeps_source_whole_when_len_equals_max ... ok
test tests::context_block_keeps_multibyte_source_whole_when_len_equals_max ... ok
test tests::context_block_omits_empty_sources_without_blank_lines ... ok
test tests::context_block_pre_bound_keeps_the_true_tail_past_4x_sources ... ok
test tests::context_block_tail_cuts_through_a_combining_mark_grapheme_on_a_char_boundary ... ok
test tests::context_block_truncates_each_source_identically ... ok
test tests::context_block_preserves_source_order_labels_and_final_newline ... ok
test tests::context_block_truncates_a_multibyte_tail_on_a_char_boundary ... ok
test tests::context_is_scalar_safe_for_astral_4byte_chars ... ok
test tests::context_split_is_char_based_for_cjk_and_multibyte ... ok
test tests::context_split_is_scalar_not_grapheme_for_combining_marks ... ok
test tests::left_context_at_exact_len_returns_all ... ok
test tests::left_context_char_safe ... ok
test tests::left_context_empty_string_is_empty ... ok
test tests::left_context_past_end_returns_all ... ok
test tests::left_context_truncates_at_caret ... ok
test tests::left_context_zero_is_empty ... ok
test tests::max_zero_yields_no_context_not_the_full_source ... ok
test tests::right_context_caret_zero_returns_all ... ok
test tests::right_context_char_safe ... ok
test tests::right_context_empty_string_is_empty ... ok
test tests::right_context_past_end_is_empty ... ok
test tests::right_context_starts_at_caret ... ok
test tests::tail_chars_cuts_a_long_string_at_the_requested_multibyte_suffix ... ok
test tests::word_at_split_caret_finds_a_midword_range_without_joining_the_field ... ok
test tests::newlines_in_sources_are_collapsed ... ok
test tests::word_at_split_caret_keeps_smart_apostrophe_contractions_whole ... ok
test tests::word_at_split_caret_preserves_boundary_word_semantics ... ok
test tests::word_at_split_caret_rejects_standalone_and_edge_apostrophes ... ok
test tests::word_at_split_caret_rejects_an_overlong_correction_token ... ok
test tests::word_at_split_caret_rejects_zero_max_word_chars ... ok
test tests::word_at_split_caret_returns_whole_word_and_scalar_range_at_offset_zero ... ok
test tests::word_at_split_caret_uses_the_producer_scalar_offset_without_rescanning_prefix ... ok
test tests::word_at_split_caret_returns_whole_word_and_scalar_range_at_end ... ok

test result: ok. 40 passed; 0 failed; 0 ignored; 0 measured; 0 filtered out; finished in 0.00s

     Running unittests src/lib.rs (target/debug/deps/emoji-8fe6a02274b8a30b)

running 31 tests
test tests::aliases_resolve_to_the_same_glyph ... ok
test tests::colon_after_emoji_or_punctuation_does_not_trigger ... ok
test tests::colon_must_start_or_follow_whitespace ... ok
test tests::colon_at_string_start_triggers ... ok
test tests::default_skin_tone_adds_no_modifier ... ok
test tests::each_skin_tone_appends_its_fitzpatrick_modifier ... ok
test tests::emoji_suggest_prefix_completes_short_and_digit_tokens ... ok
test tests::every_table_shortcode_resolves_to_a_glyph_by_exact_lookup ... ok
test tests::exact_shortcode_suggests_its_emoji ... ok
test tests::gendered_emoji_resolve_by_preference ... ok
test tests::gendered_match_combines_skin_tone ... ok
test tests::gendered_entry_skin_tone_field_gates_the_neutral_modifier ... ok
test tests::gendered_match_splices_skin_tone_into_the_zwj_sequence ... ok
test tests::gendered_skin_tone_matrix_is_exhaustive_at_exact_codepoints ... ok
test tests::lookup_is_case_sensitive ... ok
test tests::multibyte_char_after_colon_is_rejected_not_byte_sliced ... ok
test tests::multibyte_text_before_the_colon_is_handled ... ok
test tests::neutral_gender_combines_with_skin_tone ... ok
test tests::no_trigger_without_a_colon_token ... ok
test tests::prefix_matches_the_shortest_completion ... ok
test tests::non_gendered_skin_tone_bases_apply_every_tone ... ok
test tests::prefix_tie_break_prefers_the_shortest_shortcode ... ok
test tests::only_the_last_whitespace_anchored_colon_token_is_used ... ok
test tests::replace_chars_is_the_typed_length_not_the_matched_length ... ok
test tests::single_character_prefix_does_not_trigger ... ok
test tests::skin_tone_bases_carry_no_variation_selector ... ok
test tests::skin_tone_does_not_affect_non_people_emoji ... ok
test tests::skin_tone_modifier_is_applied_to_people_emoji ... ok
test tests::skin_tone_false_entries_are_verbatim_across_all_tones ... ok
test tests::unknown_shortcode_yields_no_suggestion ... ok
test tests::table_shortcodes_are_unique ... ok

test result: ok. 31 passed; 0 failed; 0 ignored; 0 measured; 0 filtered out; finished in 0.00s

     Running unittests src/lib.rs (target/debug/deps/engine-4fbd694e34cd7798)

running 98 tests
test tests::absent_correction_consumes_the_matching_grammar_request ... ok
test tests::absent_correction_ignores_non_grammar_requests_and_keeps_the_stamp ... ok
test tests::accept_correction_emits_replace_range ... ok
test tests::accept_insert_uses_strategy_from_focus_caps ... ok
test tests::accept_full_inserts_the_cycled_candidate_and_hides ... ok
test tests::accept_full_inserts_with_field_strategy_and_hides ... ok
test tests::accept_tap_arm_error_propagates_through_dispatch ... ok
test tests::accept_word_advances_caret_in_showing_state ... ok
test tests::accept_word_inserts_word_and_updates_ghost ... ok
test tests::arms_accept_tap_on_show_and_disarms_on_hide ... ok
test tests::anchor_error_reconciles_machine_and_retracts_shown_stat ... ok
test tests::arms_accept_tap_via_popup_anchor_path ... ok
test tests::accept_word_keeps_tap_armed_for_remaining_words ... ok
test tests::caret_move_hides_a_showing_ghost ... ok
test tests::completion_filtered_to_nothing_shows_no_ghost_and_no_stat ... ok
test tests::completion_for_wrong_field_is_dropped ... ok
test tests::correction_range_geometry_error_fails_closed_without_caret_fallback ... ok
test tests::correction_with_no_caret_rect_anchors_at_popup_anchor ... ok
test tests::caret_move_with_nothing_showing_is_noop ... ok
test tests::dismiss_hides_a_showing_ghost ... ok
test tests::dismiss_suppress_stales_inflight_request ... ok
test tests::dismiss_suppress_hides_overlay_and_disarms_accept_tap ... ok
test tests::dismiss_with_nothing_showing_is_noop ... ok
test tests::completion_multi_with_empty_candidates_shows_nothing ... ok
test tests::double_accept_word_exhausts_completion_inserts_last_word_and_hides ... ok
test tests::failed_ghost_paint_disarms_the_tap_instead_of_leaving_it_armed ... ok
test tests::failed_placement_does_not_count_as_shown ... ok
test tests::context_unavailable_hides_visible_and_stales_in_flight_suggestions ... ok
test tests::failed_show_reconciles_machine_so_accept_does_not_phantom_insert ... ok
test tests::correction_with_no_geometry_reconciles_and_records_no_shown ... ok
test tests::focus_capability_error_fails_closed_until_a_readable_focus ... ok
test tests::focus_on_unsupported_field_yields_no_request ... ok
test tests::failed_tap_arm_is_reconciled_by_an_explicit_disarm ... ok
test tests::focus_capability_error_hides_and_invalidates_showing_ghost ... ok
test tests::fresh_engine_shows_nothing_and_requests_nothing_before_focus ... ok
test tests::correction_with_no_range_rect_anchors_at_caret_rect ... ok
test tests::completion_multi_cycles_overlay_and_wraps ... ok
test tests::global_secure_input_enabled_hides_showing_ghost ... ok
test tests::hide_error_propagates_on_dismiss ... ok
test tests::inline_mode_prefers_caret_rect_over_popup_anchor ... ok
test tests::dismiss_stales_an_in_flight_request_at_the_engine_layer ... ok
test tests::insert_error_propagates_on_accept ... ok
test tests::insert_failure_hides_stale_ui_and_engine_stays_usable ... ok
test tests::cycle_update_ghost_error_propagates_and_reconciles ... ok
test tests::insert_replacing_error_propagates_on_replacement_accept ... ok
test tests::insert_replacing_range_error_propagates_on_correction_accept ... ok
test tests::manual_trigger_is_plumbed_and_does_not_auto_request ... ok
test tests::mirror_mode_renders_at_the_popup_anchor_even_with_a_caret_rect ... ok
test tests::failed_force_show_does_not_retract_an_earlier_shown_stat ... ok
test tests::mirror_mode_with_no_geometry_reconciles_and_shows_nothing ... ok
test tests::multi_completion_for_wrong_field_is_dropped ... ok
test tests::native_local_replacement_propagates_expected_text_mismatch ... ok
test tests::multibyte_completion_inserts_full_text_through_accept ... ok
test tests::no_overlay_when_neither_caret_nor_popup_anchor ... ok
test tests::non_synthetic_hide_disarm_error_propagates_through_dispatch ... ok
test tests::mirror_mode_falls_back_to_the_caret_rect_without_a_popup_anchor ... ok
test tests::on_completion_multi_filtered_to_nothing_shows_no_ghost_and_no_stat ... ok
test tests::on_correction_shows_correction_with_range_anchor ... ok
test tests::on_force_show_re_presents_a_held_correction_as_a_correction_not_a_ghost ... ok
test tests::on_force_show_with_nothing_showing_is_a_noop ... ok
test tests::mirror_mode_popup_anchor_error_propagates_when_showing ... ok
test tests::on_replacement_gated_after_suppress_records_no_show ... ok
test tests::on_force_show_re_presents_the_held_ghost_and_keeps_the_tap_armed ... ok
test tests::on_replacement_multi_cycles_then_accepts_the_cycled_candidate_via_insert_replacing ... ok
test tests::overlay_show_error_propagates ... ok
test tests::popup_anchor_error_propagates_when_showing ... ok
test tests::popup_anchor_used_when_caret_rect_absent ... ok
test tests::preview_accept_insert_with_nothing_showing_is_none ... ok
test tests::preview_accept_correction_exposes_suggestion_and_range_while_showing ... ok
test tests::preview_accept_full_exposes_remaining_text_for_host_reconciliation ... ok
test tests::rearm_accept_keys_forwards_ok_when_subscribed ... ok
test tests::rearm_accept_keys_forwards_when_subscribed_and_noops_without ... ok
test tests::preview_accept_word_exposes_inserted_text_for_host_reconciliation ... ok
test tests::replacement_accept_forwards_replace_left_through_dispatch ... ok
test tests::refocus_hides_showing_ghost ... ok
test tests::replacement_accept_under_axset_disarms_tap_immediately_not_delayed ... ok
test tests::runtime_mid_word_setter_reaches_the_machine ... ok
test tests::replacement_and_correction_report_committed_when_teardown_fails ... ok
test tests::runtime_trailing_space_setter_reaches_the_machine ... ok
test tests::secure_state_change_hides_showing_ghost ... ok
test tests::selection_replacement_accepts_the_cycled_candidate_via_range_insert ... ok
test tests::selection_replacement_is_not_armed_after_selection_disappears ... ok
test tests::show_correction_error_propagates_and_reconciles ... ok
test tests::shown_correction_is_invalidated_by_caret_move_before_accept ... ok
test tests::show_ghost_is_safe_without_an_accept_subscription ... ok
test tests::stale_completion_after_more_typing_does_not_show_ghost ... ok
test tests::stale_completion_multi_after_more_typing_shows_no_ghost ... ok
test tests::stale_correction_result_is_ignored_after_text_changes ... ok
test tests::successful_placement_counts_as_shown ... ok
test tests::surfaced_request_has_no_domain_at_engine_layer ... ok
test tests::synthetic_accept_hide_suggestion_after_error_propagates_through_dispatch ... ok
test tests::synthetic_accept_hides_overlay_but_delays_tap_teardown ... ok
test tests::tick_surfaces_request_then_completion_shows_ghost ... ok
test tests::unknown_mutation_outcome_disarms_without_retry_or_accept_commit ... ok
test tests::with_trailing_space_builder_reaches_the_machine ... ok
test tests::with_trigger_gates_suppresses_mid_word_requests ... ok
test tests::update_ghost_error_hides_stale_ui_and_propagates ... ok
test tests::on_cycle_with_nothing_showing_is_a_noop ... ok

test result: ok. 98 passed; 0 failed; 0 ignored; 0 measured; 0 filtered out; finished in 0.00s

     Running unittests src/lib.rs (target/debug/deps/engine_core-c4bda5a9b84afd3b)

running 172 tests
test tests::accept_correction_on_a_ghost_is_a_noop_and_keeps_the_ghost ... ok
test tests::accept_and_dismiss_do_not_record_superseded ... ok
test tests::accept_full_after_word_collapse_inserts_the_remaining_candidate ... ok
test tests::accept_full_and_word_do_not_commit_correction_presentation ... ok
test tests::accept_full_inserts_all_and_hides ... ok
test tests::accept_full_inserts_the_cycled_candidate ... ok
test tests::accept_with_nothing_showing_is_noop ... ok
test tests::accept_last_word_hides ... ok
test tests::accept_word_advances_caret_by_scalar_count_not_bytes ... ok
test tests::accept_word_advances_internal_caret_so_matching_caret_keeps_showing ... ok
test tests::accept_word_collapses_to_the_active_candidate ... ok
test tests::accept_word_inserts_word_and_updates_ghost ... ok
test tests::accept_word_with_nothing_showing_is_noop ... ok
test tests::accept_word_to_exhaustion_inserts_each_word_then_hides ... ok
test tests::all_whitespace_context_never_satisfies_min_context ... ok
test tests::apostrophes_inside_contractions_count_as_mid_word ... ok
test tests::append_single_word_space_adds_only_when_enabled_and_single_word ... ok
test tests::arm_manual_grammar_request_is_gated_by_focus_suppression_and_secure ... ok
test tests::applies_sentence_stop_and_overlap_strip_together ... ok
test tests::arm_manual_grammar_request_round_trips_through_correction_ready_and_accept ... ok
test tests::backwards_clock_tick_does_not_fire_or_panic ... ok
test tests::cancel_last_shown_after_a_cycle_or_force_show_re_show_keeps_the_earlier_shown ... ok
test tests::caret_at_word_start_is_not_mid_word ... ok
test tests::caret_move_cancels_an_armed_but_unfired_debounce ... ok
test tests::cancel_last_shown_removes_only_the_trailing_shown ... ok
test tests::caret_move_does_not_clear_suppression ... ok
test tests::caret_move_over_a_showing_ghost_records_superseded ... ok
test tests::caret_move_same_position_keeps_showing ... ok
test tests::caret_move_to_different_field_hides ... ok
test tests::caret_move_while_showing_hides ... ok
test tests::caret_moved_with_nothing_showing_is_noop ... ok
test tests::completion_ready_discarded_after_focus_advances_boundary ... ok
test tests::completion_ready_multi_without_request_is_noop ... ok
test tests::completion_ready_without_request_is_noop ... ok
test tests::completion_of_a_common_word_seen_far_back_in_a_long_field_is_still_shown ... ok
test tests::completion_seam_space_is_dropped_when_left_context_already_has_one ... ok
test tests::correction_ready_dropped_on_non_axset_field ... ok
test tests::completion_repeating_the_text_just_before_the_caret_in_a_long_field_is_still_dropped ... ok
test tests::completion_seam_space_is_not_added_at_field_start ... ok
test tests::completion_seam_space_is_preserved_when_left_context_needs_it ... ok
test tests::correction_ready_dropped_when_stale_empty_or_kind_mismatched ... ok
test tests::correction_replacing_a_showing_ghost_records_superseded ... ok
test tests::cycle_and_word_accept_keep_the_ghost_without_extra_events ... ok
test tests::cycle_with_nothing_showing_is_a_noop ... ok
test tests::cycle_rotates_to_the_next_candidate_and_wraps ... ok
test tests::cycle_with_one_candidate_is_a_noop ... ok
test tests::default_machine_has_no_trigger_gates ... ok
test tests::delete_edit_does_not_trigger_request ... ok
test tests::discards_completion_after_caret_move_advances_boundary ... ok
test tests::discards_completion_after_secure_state_advances_boundary ... ok
test tests::discards_completion_for_wrong_field ... ok
test tests::discards_stale_completion ... ok
test tests::dismiss_discard_blocks_an_inflight_completion ... ok
test tests::dismiss_discard_cancels_an_armed_unfired_debounce ... ok
test tests::dismiss_hides ... ok
test tests::dismiss_keeps_an_armed_debounce_so_the_request_still_fires ... ok
test tests::dismiss_is_snapshot_neutral_and_keeps_an_inflight_completion ... ok
test tests::dismiss_suppress_blocks_an_inflight_completion ... ok
test tests::dismiss_suppress_cancels_an_armed_unfired_debounce ... ok
test tests::dismiss_suppress_hides ... ok
test tests::dismiss_with_nothing_showing_is_noop ... ok
test tests::dismiss_suppress_resumes_on_the_next_edit ... ok
test tests::duplicate_candidates_are_deduped ... ok
test tests::duplicate_completion_ready_delivery_is_a_noop ... ok
test tests::focus_cancels_a_request_armed_before_it ... ok
test tests::every_terminal_accept_commit_emits_mutation_immediately_followed_by_hide ... ok
test tests::focus_change_over_a_showing_ghost_records_superseded ... ok
test tests::focus_change_while_showing_hides ... ok
test tests::focus_with_nothing_showing_emits_no_hide ... ok
test tests::focus_to_other_field_clears_suppression ... ok
test tests::force_show_after_partial_accept_re_presents_the_remaining_completion ... ok
test tests::force_show_does_not_resurrect_a_suggestion_staled_by_a_caret_move ... ok
test tests::force_show_emits_no_new_completion_request ... ok
test tests::force_show_does_not_resurrect_a_suggestion_staled_by_an_edit ... ok
test tests::force_show_re_presents_a_replacement_ghost_and_keeps_replace_left ... ok
test tests::force_show_re_presenting_a_held_ghost_records_no_new_shown_stat ... ok
test tests::force_show_re_presents_the_current_candidate_verbatim ... ok
test tests::force_show_reasserts_a_correction_as_correction_not_ghost ... ok
test tests::force_show_re_presents_the_cycled_candidate_not_the_first ... ok
test tests::force_show_with_nothing_pending_is_a_noop ... ok
test tests::full_accept_single_word_appends_trailing_space_when_enabled ... ok
test tests::fresh_completion_replacing_a_showing_ghost_records_superseded ... ok
test tests::identical_selection_replacement_is_idempotent_and_preserves_the_cycle ... ok
test tests::interior_whitespace_counts_toward_min_context ... ok
test tests::leading_whitespace_does_not_count_toward_min_context ... ok
test tests::local_replacement_rejects_a_delete_count_past_the_scalar_caret ... ok
test tests::manual_trigger_does_not_auto_request ... ok
test tests::long_completion_is_capped_to_max_words_when_shown ... ok
test tests::mid_word_allowed_when_configured ... ok
test tests::model_completion_accept_still_emits_plain_insert_not_replace ... ok
test tests::multi_candidate_all_filtered_shows_nothing ... ok
test tests::multi_candidate_mixed_failures_show_only_the_survivor ... ok
test tests::multi_candidate_promotes_a_survivor_when_the_first_is_filtered ... ok
test tests::multi_candidate_shows_the_first ... ok
test tests::mutverify_dismiss_discard_does_not_suppress_field ... ok
test tests::multi_word_accept_is_unaffected_by_trailing_space_flag ... ok
test tests::native_range_replacement_accepts_with_exact_unicode_original_and_scalar_range ... ok
test tests::native_range_word_accept_uses_the_same_atomic_range_command ... ok
test tests::no_request_mid_word ... ok
test tests::no_supersede_when_nothing_is_showing ... ok
test tests::near_duplicate_candidates_are_deduped ... ok
test tests::non_ascii_letters_count_as_word_chars_for_mid_word ... ok
test tests::noop_caret_move_keeps_an_armed_debounce ... ok
test tests::noop_caret_move_keeps_the_ghost_and_records_nothing ... ok
test tests::offer_replacement_arms_on_native_range_set_fields ... ok
test tests::offer_replacement_multi_blocked_in_secure_or_unsupported_field ... ok
test tests::offer_replacement_multi_blocked_when_field_is_not_focused ... ok
test tests::offer_replacement_multi_blocked_when_suppressed_or_empty ... ok
test tests::offer_replacement_multi_dedups_candidates_so_cycle_never_repeats ... ok
test tests::offer_replacement_multi_disarms_pending_model_request_so_it_cannot_supersede ... ok
test tests::offer_replacement_multi_rejects_zero_delete_count ... ok
test tests::offer_replacement_multi_drops_a_prior_in_flight_completion_that_returns_after ... ok
test tests::offer_replacement_multi_requires_an_atomic_range_replace_field ... ok
test tests::offer_replacement_multi_shows_ghost_and_supports_cycling ... ok
test tests::offer_replacement_multi_skips_empty_candidates_and_shows_the_first_nonempty ... ok
test tests::offer_replacement_shows_ghost_then_full_accept_emits_replace ... ok
test tests::offer_replacement_word_accept_also_replaces_atomic_token ... ok
test tests::offer_replacement_supersedes_a_showing_completion ... ok
test tests::plain_dismiss_does_not_suppress_the_field ... ok
test tests::popup_mode_arms_and_shows_like_inline ... ok
test tests::preview_accept_insert_with_nothing_showing_returns_none ... ok
test tests::preview_accept_full_reports_remaining_completion ... ok
test tests::preview_accept_range_for_correction_is_none_unless_a_correction_is_showing ... ok
test tests::preview_correction_action_on_a_plain_ghost_returns_none ... ok
test tests::preview_accept_word_reports_inserted_word ... ok
test tests::preview_reports_replace_left_for_a_replacement_offer ... ok
test tests::preview_matches_inserted_bytes_under_trailing_space ... ok
test tests::rejected_matching_correction_consumes_the_request ... ok
test tests::preview_reports_the_cycled_candidate_not_the_first ... ok
test tests::replacement_text_is_not_trailing_spaced ... ok
test tests::replacement_word_accept_is_atomic_even_for_multi_word_text ... ok
test tests::requests_at_end_of_text ... ok
test tests::requests_at_word_boundary ... ok
test tests::requests_completion_after_debounce ... ok
test tests::requests_when_context_meets_min ... ok
test tests::secure_field_never_requests ... ok
test tests::secure_state_change_clears_pending_request ... ok
test tests::secure_state_change_over_a_showing_ghost_records_superseded ... ok
test tests::secure_state_change_with_nothing_showing_emits_no_hide ... ok
test tests::secure_state_change_while_showing_hides ... ok
test tests::selection_replacement_clears_when_the_exact_selection_disappears ... ok
test tests::selection_replacement_cycles_and_full_accept_emits_exact_range_replace ... ok
test tests::set_allow_mid_word_flips_the_gate_at_runtime ... ok
test tests::set_trailing_space_flips_the_append_at_runtime ... ok
test tests::set_trailing_space_reverse_flip_stops_the_append ... ok
test tests::shown_correction_is_invalidated_by_text_changed ... ok
test tests::shown_stat_event_recorded_when_a_ghost_is_presented ... ok
test tests::shows_ghost_on_matching_completion ... ok
test tests::shows_only_first_line_of_multiline_completion ... ok
test tests::single_word_default_off_is_unchanged ... ok
test tests::stat_events_accumulate_across_turns_until_drained ... ok
test tests::strips_completion_overlap_with_text_after_caret ... ok
test tests::suppresses_completion_fully_overlapping_text_after_caret ... ok
test tests::suppresses_completion_that_repeats_recent_text ... ok
test tests::suppresses_degenerate_repetition_completion ... ok
test tests::stat_events_buffer_is_capped_when_host_never_drains ... ok
test tests::suppresses_degenerate_repetition_created_by_word_cap ... ok
test tests::suppresses_degenerate_repetition_masked_below_the_word_cap ... ok
test tests::text_change_rearms_while_a_request_is_in_flight ... ok
test tests::tick_after_request_fired_does_not_refire ... ok
test tests::text_change_while_showing_hides ... ok
test tests::tick_without_pending_is_noop ... ok
test tests::trailing_whitespace_does_not_count_toward_min_context ... ok
test tests::transition_to_secure_blocks_subsequent_requests ... ok
test tests::trailing_space_applies_to_the_exhausting_word_accept_of_a_multi_word ... ok
test tests::truncates_completion_at_sentence_end ... ok
test tests::underscore_counts_as_a_word_char_for_mid_word ... ok
test tests::typing_over_a_showing_ghost_records_superseded ... ok
test tests::unknown_edit_triggers_request ... ok
test tests::whitespace_only_completion_is_suppressed ... ok
test tests::word_accept_single_word_appends_trailing_space_when_enabled ... ok
test tests::word_accept_first_of_many_keeps_single_native_space ... ok

test result: ok. 172 passed; 0 failed; 0 ignored; 0 measured; 0 filtered out; finished in 0.00s

     Running unittests src/lib.rs (target/debug/deps/grammar-d6d97fcd03ea4ed8)

running 19 tests
test tests::already_capital_pronoun_is_left_alone ... ok
test tests::applying_twice_is_stable ... ok
test tests::curly_apostrophe_contraction_is_preserved_verbatim ... ok
test tests::empty_and_non_i_words_return_none ... ok
test tests::i_leading_contractions_capitalize_only_the_leading_letter ... ok
test tests::multibyte_i_lookalikes_do_not_match_and_do_not_panic ... ok
test tests::standalone_lowercase_i_becomes_capital ... ok
test tests::vet_correction_accepts_apostrophe_contraction ... ok
test tests::vet_correction_accepts_length_diff_equal_to_max_edit_distance ... ok
test tests::vet_correction_accepts_one_edit_and_preserves_case ... ok
test tests::vet_correction_pins_max_edit_distance_boundary ... ok
test tests::vet_correction_rejects_alot_to_a_lot_for_single_word_mode ... ok
test tests::vet_correction_rejects_case_only_difference ... ok
test tests::vet_correction_rejects_apostrophe_only_and_boundary_apostrophes ... ok
test tests::vet_correction_rejects_empty_identical_multi_word_large_edit_and_non_ascii ... ok
test tests::vet_correction_rejects_non_word_tokens ... ok
test tests::vet_correction_rejects_past_max_when_lengths_differ ... ok
test tests::vet_correction_rejects_runaway_output_instead_of_truncating_it ... ok
test tests::words_that_merely_start_with_i_are_never_touched ... ok

test result: ok. 19 passed; 0 failed; 0 ignored; 0 measured; 0 filtered out; finished in 0.00s

     Running unittests src/lib.rs (target/debug/deps/localize-9acda35767432209)

running 13 tests
test tests::already_british_or_shared_word_is_not_changed ... ok
test tests::deliberately_excluded_ambiguous_words_never_change ... ok
test tests::empty_input_is_none ... ok
test tests::lookup_is_case_insensitive_and_trims ... ok
test tests::interior_whitespace_is_a_whole_word_miss ... ok
test tests::keys_are_unique_and_never_map_to_themselves ... ok
test tests::maps_a_known_americanism ... ok
test tests::british_values_are_not_themselves_americanisms_so_applying_twice_is_stable ... ok
test tests::mixed_case_query_classifies_by_first_letter_then_drops_internal_caps ... ok
test tests::multibyte_query_is_a_clean_lookup_miss ... ok
test tests::every_americanism_key_resolves_to_its_table_value ... ok
test tests::preserves_query_capitalization ... ok
test tests::trailing_punctuation_is_not_a_known_form ... ok

test result: ok. 13 passed; 0 failed; 0 ignored; 0 measured; 0 filtered out; finished in 0.00s

     Running unittests src/lib.rs (target/debug/deps/memory-499697c4f050a4ee)

running 61 tests
test tests::decrypt_treats_blob_shorter_than_nonce_as_absent ... ok
test tests::decrypt_rejects_a_blob_that_is_exactly_nonce_len_with_no_tag ... ok
test tests::delete_app_returns_zero_when_no_rows_match ... ok
test tests::accepted_only_mode_stores_accepted_but_not_monitored ... ok
test tests::delete_all_clears_every_record ... ok
test tests::count_by_app_breaks_count_ties_alphabetically ... ok
test tests::delete_app_removes_only_that_app ... ok
test tests::all_monitored_mode_stores_both ... ok
test tests::all_monitored_rows_count_and_delete_by_app ... ok
test tests::memory_error_display_is_stable ... ok
test tests::count_by_app_aggregates_sorted_by_count_descending ... ok
test tests::domain_metadata_is_bound_into_the_ciphertext_aad ... ok
test tests::domain_records_are_scoped_counted_and_deleted_across_apps ... ok
test tests::monitor_redacts_before_storing ... ok
test tests::nul_app_identifier_cannot_alias_a_domain_bound_aad ... ok
test tests::off_mode_ignores_monitor_too ... ok
test tests::off_mode_records_nothing ... ok
test tests::open_existing_never_creates_a_missing_database_or_parent ... ok
test tests::monitor_redacts_space_delimited_credentials_before_storing ... ok
test tests::a_stamped_database_reopens_and_keeps_its_schema_version ... ok
test tests::decrypting_a_blob_under_a_different_app_aad_returns_none ... ok
test tests::open_fails_closed_when_a_sidecar_cannot_be_restricted ... ok
test tests::delete_all_erases_ciphertext_from_disk_not_just_rows ... ok
test tests::delete_all_erases_ciphertext_without_reopening ... ok
test tests::journal_mode_is_delete_after_open ... ok
test tests::file_backed_db_is_mode_0600_after_open ... ok
test tests::a_future_schema_version_is_refused ... ok
test tests::recent_isolates_records_across_apps ... ok
test tests::recent_limit_counts_decryptable_rows_after_skipping_corrupt_newer_rows ... ok
test tests::open_creates_missing_parent_directory ... ok
test tests::recent_pages_past_full_corrupt_pages_to_fill_the_limit ... ok
test tests::recent_truncates_to_limit_newest_first ... ok
test tests::recent_with_zero_limit_returns_empty ... ok
test tests::redacts_before_storing ... ok
test tests::redacts_space_delimited_credentials_before_storing ... ok
test tests::count_by_app_counts_undecryptable_rows_after_key_change ... ok
test tests::remembers_and_retrieves_recent_newest_first ... ok
test tests::open_existing_off_exposes_deletion_without_collecting ... ok
test tests::open_preserves_a_preexisting_parent_dir_mode ... ok
test tests::open_rejects_journal_symlink_before_sqlite_can_touch_it ... ok
test tests::open_rejects_main_database_symlink_without_mutating_target ... ok
test tests::delete_app_erases_that_apps_ciphertext_from_disk ... ok
test tests::delete_domain_erases_that_domains_ciphertext_from_disk ... ok
test tests::the_v2_schema_is_exactly_this_ddl_until_a_migration_lands ... ok
test tests::trim_to_cap_holds_row_count_at_the_cap_oldest_first ... ok
test tests::trim_to_cap_is_noop_below_cap_and_evicts_exactly_oldest_above ... ok
test tests::store_under_cap_evicts_nothing ... ok
test tests::moving_a_blob_to_another_app_row_breaks_decryption ... ok
test tests::file_backed_store_reopens_with_recent_records_newest_first ... ok
test tests::store_redacts_before_truncating_so_a_boundary_secret_cannot_leak_a_fragment ... ok
test tests::open_tightens_a_freshly_created_parent_dir_to_0700 ... ok
test tests::open_rejects_sidecar_symlink_without_chmodding_user_owned_target ... ok
test tests::a_pre_marker_database_is_adopted_at_the_current_version ... ok
test tests::plaintext_never_written_to_disk ... ok
test tests::open_restricts_a_preexisting_sidecar_to_0600 ... ok
test tests::records_are_not_decryptable_with_a_different_key ... ok
test tests::store_caps_record_length_on_a_char_boundary_leaving_small_records_untouched ... ok
test tests::same_plaintext_gets_a_fresh_nonce_each_time ... ok
test tests::tampered_ciphertext_byte_is_skipped_not_returned_or_panicked ... ok
test tests::version_one_migrates_transactionally_and_preserves_app_aad_rows ... ok
test tests::remember_rolls_back_insert_when_retention_trim_fails ... ok

test result: ok. 61 passed; 0 failed; 0 ignored; 0 measured; 0 filtered out; finished in 0.21s

     Running unittests src/lib.rs (target/debug/deps/model_catalog-77cdcde679d218a8)

running 29 tests
test tests::all_catalog_hashes_are_pinned_lowercase_sha256_hex ... ok
test tests::catalog_entries_are_well_formed_and_ordered ... ok
test tests::catalog_hashes_match_recorded_upstream_provenance ... ok
test tests::catalog_pinned_hashes_are_unique ... ok
test tests::bytes_to_whole_gb_floors_and_saturates ... ok
test tests::catalog_names_are_unique ... ok
test tests::catalog_and_provenance_urls_are_hosted_on_huggingface ... ok
test tests::catalog_urls_are_pinned_to_recorded_repo_commits ... ok
test tests::catalog_urls_pin_a_full_40_hex_commit ... ok
test tests::download_gate_blocks_unaccepted_gated_licenses ... ok
test tests::download_gate_passes_unencumbered_licenses ... ok
test tests::download_gate_passes_once_accepted_per_model_not_per_license ... ok
test tests::download_gate_requires_exact_name_acceptance_not_a_prefix ... ok
test tests::gated_license_terms_urls_and_names_are_pinned_exactly ... ok
test tests::gated_licenses_need_acceptance ... ok
test tests::gemma_and_llama_named_entries_are_license_gated ... ok
test tests::license_terms_urls_are_https_and_names_nonempty ... ok
test tests::model_backed_release_gate_uses_catalog_recommended_artifact ... ok
test tests::offerable_by_ram_blocks_only_models_below_their_minimum ... ok
test tests::ram_verdict_advice_gives_a_distinct_word_per_state ... ok
test tests::ram_verdict_uses_a_2gb_tight_band ... ok
test tests::recommended_in_breaks_size_ties_to_the_first_listed_entry ... ok
test tests::recommended_in_skips_a_smaller_gated_entry_and_picks_the_smallest_unencumbered ... ok
test tests::recommended_is_the_smallest_unencumbered_entry ... ok
test tests::recommended_is_unencumbered_and_the_globally_smallest_such ... ok
test tests::size_mb_download_cap_admits_every_pinned_artifact ... ok
test tests::release_catalog_rows_have_download_and_policy_metadata ... ok
test tests::wellformed_sha256_enforces_length_and_lowercase_hex ... ok
test tests::zero_available_ram_blocks_every_catalog_model ... ok

test result: ok. 29 passed; 0 failed; 0 ignored; 0 measured; 0 filtered out; finished in 0.00s

     Running unittests src/lib.rs (target/debug/deps/model_client-b9c8d844c78353a3)

running 55 tests
test grammar_prompt_tests::grammar_fix_prompt_collapses_multiline_and_tabbed_word_to_one_line ... ok
test grammar_prompt_tests::grammar_fix_prompt_collapses_multiline_and_tabbed_context_to_one_line ... ok
test grammar_prompt_tests::grammar_fix_prompt_is_single_line_and_includes_word_and_left_context ... ok
test tests::complete_n_override_can_return_multiple ... ok
test tests::decode_positions_are_contiguous_through_generation ... ok
test tests::context_tokens_env_override_accepts_positive_values_only ... ok
compme: llama decode worker started
test tests::default_complete_n_propagates_complete_errors ... ok
compme: llama decode worker panickedtest tests::default_warm_up_is_ok_noop ... 
ok
test tests::default_complete_n_returns_a_single_candidate ... ok
test tests::complete_n_zero_returns_empty_without_dispatch ... ok
test tests::close_worker_recovers_a_poisoned_job_tx_and_still_joins ... ok
test tests::dispatch_error_after_shutdown_says_already_shut_down ... ok
test tests::dispatch_error_carries_the_callers_stage ... ok
test tests::dispatch_error_lock_poisoned_is_typed ... ok
test tests::dispatch_error_reply_dropped_says_dropped_the_reply ... ok
test tests::dispatch_error_send_failed_says_worker_is_gone ... ok
test tests::dispatch_failures_have_distinct_messages ... ok
test tests::generation_range_saturates_on_huge_budget ... ok
test tests::generation_range_starts_after_prompt ... ok
test tests::model_cancellation_clones_share_terminal_state ... ok
test tests::panicking_decode_worker_records_failed_health_and_rejects_later_jobs ... ok
test tests::plan_decode_disables_generation_when_context_cannot_hold_prompt_and_output ... ok
test tests::plan_decode_caps_generation_to_remaining_context_capacity ... ok
test tests::plan_decode_clamps_then_computes_reuse_on_clamped_tokens ... ok
test tests::plan_decode_empty_current_is_all_zero ... ok
test tests::plan_decode_fresh_prompt_no_reuse_no_skip ... ok
test tests::plan_decode_reuse_never_reaches_prompt_len ... ok
test tests::plan_decode_over_window_keeps_bos_and_reuses_prefix_across_keystrokes ... ok
test tests::plan_decode_reuses_shared_prefix ... ok
test tests::plan_decode_skip_with_divergent_prev_reuses_only_the_kept_bos ... ok
test tests::plan_decode_skip_with_partial_clamped_reuse ... ok
test tests::prompt_skip_drops_front_when_over_budget ... ok
test tests::prompt_skip_at_exact_budget_keeps_all ... ok
test tests::prompt_skip_reserves_at_least_one_prompt_token ... ok
test tests::prompt_suffix_position_saturates_past_i32_max ... ok
test tests::prompt_skip_zero_when_prompt_fits ... ok
test tests::reusable_prefix_len_empty_next_is_zero ... ok
test tests::prompt_tokens_to_skip_zero_n_ctx_keeps_at_least_one ... ok
test tests::reusable_prefix_len_empty_prev_is_zero ... ok
test tests::reusable_prefix_len_next_extends_prev_keeps_all_prev ... ok
test tests::reusable_prefix_len_identical_leaves_one_to_decode ... ok
test tests::reusable_prefix_len_next_is_prefix_of_prev_leaves_one ... ok
test tests::reusable_prefix_len_partial_common_prefix ... ok
test tests::reusable_prefix_len_no_common_prefix_is_zero ... ok
test tests::reusable_prefix_len_single_matching_token_leaves_zero ... ok
test tests::sampler_for_candidate_zero_is_greedy_seedless ... ok
test tests::sampler_for_candidate_nonzero_seeds_diverge ... ok
test tests::shutdown_consumes_the_boxed_model_dropping_it_exactly_once ... ok
test tests::shutdown_requested_error_is_typed_and_prompt_free ... ok
test tests::terse_continuation_prompt_does_not_trim_verbatim_prefix ... ok
test tests::terse_continuation_prompt_empty_prefix_is_well_formed ... ok
test tests::terse_prompt_keeps_prefix_configurable ... ok
test tests::trait_object_can_report_completion_errors ... ok
test tests::trait_object_is_usable ... ok
test tests::warm_up_surfaces_backend_errors ... ok

test result: ok. 55 passed; 0 failed; 0 ignored; 0 measured; 0 filtered out; finished in 0.00s

     Running tests/latency.rs (target/debug/deps/latency-103a2457232d3e9d)

running 10 tests
test complete_n_returns_real_model_candidates ... ignored, requires the qwen2.5-0.5b GGUF model; release gates force CPU with COMPME_MODEL_GPU_LAYERS=0; run with --ignored
test complete_n_reuses_prompt_prefix_across_requests ... ignored, requires the qwen2.5-0.5b GGUF model; release gates force CPU with COMPME_MODEL_GPU_LAYERS=0; run with --ignored
test grammar_fix_real_model_output_is_vetted ... ignored, requires the qwen2.5-0.5b GGUF model; release gates force CPU with COMPME_MODEL_GPU_LAYERS=0; run with --ignored
test long_generation_observes_shutdown_within_250ms ... ignored, requires the qwen2.5-0.5b GGUF model; release gates run CPU and a macOS model gate must also run Metal; run with --ignored
test model_quality_probe ... ignored, diagnostic quality probe; needs a local GGUF — run with --ignored --nocapture and COMPME_QUALITY_MODEL_PATH
test prefix_reuse_matches_fresh_context_output ... ignored, requires the qwen2.5-0.5b GGUF model; release gates force CPU with COMPME_MODEL_GPU_LAYERS=0; run with --ignored
test warm_complete_n_under_500ms ... ignored, requires the qwen2.5-0.5b GGUF model; release gates force CPU with COMPME_MODEL_GPU_LAYERS=0; run with --ignored
test warm_completion_under_500ms ... ignored, requires the qwen2.5-0.5b GGUF model; release gates force CPU with COMPME_MODEL_GPU_LAYERS=0; run with --ignored
test strict_latency_budget_env_parses_truthy_values ... ok
test repo_corpus_supplies_grammar_typo_cases ... ok

test result: ok. 2 passed; 0 failed; 8 ignored; 0 measured; 0 filtered out; finished in 0.00s

     Running tests/quality.rs (target/debug/deps/quality-e599c72336feca5d)

running 12 tests
test quality_corpus_passes_threshold ... ignored, requires the qwen2.5-0.5b GGUF model; release gates force CPU with COMPME_MODEL_GPU_LAYERS=0; run with --ignored
test corpus_parser_accepts_a_completion_case ... ok
test corpus_parser_accepts_a_grammar_case_with_max_tokens ... ok
test evaluate_raw_contains_pins_the_pre_vetting_raw ... ok
test corpus_parser_decodes_string_escapes ... ok
test corpus_parser_accepts_raw_contains ... ok
test evaluate_single_word_vetted_matches_or_rejects ... ok
test evaluate_not_contains_and_max_words ... ok
test corpus_parser_reports_line_numbers_and_duplicate_ids ... ok
test evaluate_contains_is_case_insensitive ... ok
test corpus_parser_rejects_malformed_lines ... ok
test repo_quality_corpus_parses ... ok

test result: ok. 11 passed; 0 failed; 1 ignored; 0 measured; 0 filtered out; finished in 0.00s

     Running unittests src/lib.rs (target/debug/deps/model_fetch-889d36fc237a9b5b)

running 56 tests
test tests::content_range_parser_rejects_an_end_that_cannot_precede_total ... ok
test tests::dest_already_present_requires_a_nonempty_file_matching_the_pinned_hash ... ok
test tests::fetch_error_display_is_stable_per_variant ... ok
test tests::download_refuses_symlink_part_without_touching_target ... ok
test tests::declared_fresh_body_above_the_download_ceiling_is_rejected_before_writing ... ok
test tests::declared_resumed_size_terminal_deletes_the_part ... ok
test tests::exact_cap_complete_part_is_verified_without_a_network_retry ... ok
test tests::https_only_agent_refuses_a_plaintext_target_as_a_network_error ... ok
test tests::correct_start_wrong_body_206_fails_closed_without_promoting_dest ... ok
test tests::http_416_with_unremovable_part_surfaces_io_instead_of_recursing ... ok
test tests::http_404_surfaces_as_a_typed_http_error ... ok
test tests::oversized_existing_part_is_removed_without_resuming ... ok
test tests::fresh_unvalidated_206_fails_closed_without_creating_dest ... ok
test tests::http_416_on_an_unranged_request_surfaces_after_exactly_one_retry ... ok
test tests::production_agent_pins_the_load_bearing_timeout_shape ... ok
test tests::production_agent_rejects_plaintext_requests_and_redirects ... ok
test tests::mid_body_failure_keeps_the_partial_bytes_as_the_resume_base ... ok
test tests::cleanup_unlink_failure_preserves_the_typed_terminal_error ... ok
test tests::fresh_download_writes_dest_and_removes_the_part_file ... ok
test tests::complete_part_under_cap_is_promoted_on_416_without_refetch ... ok
test tests::matching_sha_verifies_and_renames ... ok
test tests::resume_range_header_starts_fresh_at_zero_and_resumes_beyond ... ok
test tests::drop_while_download_inflight_returns_promptly ... ok
test tests::redirect_loop_stops_at_the_cap_with_a_typed_error ... ok
test tests::downloader_worker_runs_a_request_off_thread_and_reports_progress ... ok
test tests::resumed_partial_subrange_is_not_promoted_as_complete ... ok
test tests::sha256_hex_matches_the_known_empty_and_abc_vectors ... ok
test tests::http_416_restarts_from_zero_instead_of_looping_forever ... ok
test tests::no_content_length_reports_unknown_total ... ok
test tests::resume_appends_from_the_part_file_offset ... ok
test tests::resumed_download_first_progress_event_starts_at_the_resume_offset ... ok
test tests::oversized_part_against_honoring_server_restarts_and_verifies ... ok
test tests::rename_failure_surfaces_io_and_keeps_part ... ok
test tests::lying_206_with_wrong_content_range_restarts_instead_of_corrupting ... ok
test tests::same_host_redirect_keeps_the_range_header_and_resumes ... ok
test tests::server_ignoring_range_restarts_from_zero ... ok
test tests::streamed_size_terminal_deletes_the_part ... ok
test tests::symlink_swap_after_open_is_neither_hashed_nor_promoted_by_path ... ok
test tests::resume_then_sha_verify_stitches_and_reclaims_part_on_mismatch ... ok
test tests::download_url_reports_fresh_and_resumed_progress_totals ... ok
test tests::unvalidated_206_with_partial_body_restarts_instead_of_corrupting ... ok
test tests::sha_mismatch_deletes_the_terminal_part_so_retry_can_start_fresh ... ok
test tests::uppercase_expected_sha_still_verifies ... ok
test tests::validated_206_without_content_length_wrong_body_fails_closed ... ok
test tests::restart_from_zero_still_verifies_the_sha_before_renaming ... ok
test tests::worker_queue_overflow_drops_the_request_and_leaves_it_idle ... ok
test tests::worker_enforces_expected_sha256_and_reports_failed_state ... ok
test tests::wrong_offset_206_is_rejected_and_restarts ... ok
test tests::worker_surfaces_a_failed_download_as_failed_state ... ok
test tests::worker_stores_zero_total_when_content_length_unknown ... ok
test tests::worker_serves_a_second_request_after_a_failure ... ok
test tests::read_sha256_hex_streams_and_matches_the_buffer_hash ... ok
test tests::connect_timeout_aborts_a_stalled_connection_instead_of_hanging ... ok
test tests::header_stall_times_out_instead_of_hanging_forever ... ok
test tests::stalled_server_times_out_instead_of_hanging_forever ... ok
test tests::slow_but_alive_body_outlives_every_configured_timeout ... ok

test result: ok. 56 passed; 0 failed; 0 ignored; 0 measured; 0 filtered out; finished in 1.03s

     Running unittests src/lib.rs (target/debug/deps/personalization-a3b639d9a067335a)

running 33 tests
test tests::all_six_stops_are_distinct ... ok
test tests::build_preamble_renders_all_three_sections_in_global_app_domain_order ... ok
test tests::consecutive_quote_runs_cannot_reconstruct_a_fence ... ok
test tests::each_stop_maps_to_its_exact_directive_phrase ... ok
test tests::from_stop_clamps_out_of_range ... ok
test tests::default_strength_is_the_middle_stop_so_personalization_is_on_by_default ... ok
test tests::instructions_are_fenced_in_the_preamble ... ok
test tests::no_instructions_and_no_sender_yields_empty_preamble ... ok
test tests::every_stop_produces_a_distinct_preamble ... ok
test tests::off_yields_empty_preamble ... ok
test tests::embedded_instruction_fences_are_neutralized ... ok
test tests::higher_strength_produces_a_stronger_directive ... ok
test tests::per_app_lookup_is_case_sensitive_unlike_domain ... ok
test tests::per_app_supplements_rather_than_replaces_global ... ok
test tests::overlong_instructions_are_capped ... ok
test tests::resolve_folds_host_case_so_lookup_is_self_contained ... ok
test tests::resolve_matches_subdomain_against_parent_domain_rule ... ok
test tests::resolve_merges_global_then_app_then_domain ... ok
test tests::resolve_merges_global_then_domain_when_no_app_context ... ok
test tests::resolve_prefers_most_specific_domain_rule ... ok
test tests::overlong_multibyte_instructions_truncate_on_a_char_boundary ... ok
test tests::resolve_skips_whitespace_only_per_app_and_per_domain_sections ... ok
test tests::resolve_uses_domain_alone_when_global_is_empty ... ok
test tests::sender_identity_is_included_in_the_preamble ... ok
test tests::sender_only_preamble_has_no_dangling_preferences_directive ... ok
test tests::sender_with_both_fields_renders_exact_format ... ok
test tests::sender_fields_are_trimmed_in_the_rendered_line ... ok
test tests::sender_with_only_email_still_renders ... ok
test tests::sender_with_only_name_still_renders ... ok
test tests::truncate_chars_keeps_exactly_max_and_cuts_on_a_char_boundary ... ok
test tests::strength_stops_are_monotonic_full_reach_and_roundtrip ... ok
test tests::unmatched_app_falls_back_to_global_only ... ok
test tests::per_domain_supplement_survives_a_max_length_global_instruction ... ok

test result: ok. 33 passed; 0 failed; 0 ignored; 0 measured; 0 filtered out; finished in 0.00s

     Running unittests src/lib.rs (target/debug/deps/platform-d6c7a4459767517d)

running 33 tests
test shell::tests::shell_host_is_object_safe_and_send_sync ... ok
test shell::tests::shell_defaults_are_fail_closed ... ok
test tests::accept_subscription_forwards_each_callback_and_id ... ok
test tests::accept_subscription_forwards_hide_suggestion_after_err ... ok
test tests::accept_subscription_forwards_set_suggestion_visible_err ... ok
test tests::byte_index_for_utf16_units_maps_units_to_byte_boundaries ... ok
test tests::caret_readable_but_no_overlay_placement_is_popup ... ok
test tests::default_correction_presentation_fails_closed_instead_of_ghost_fallback ... ok
test tests::default_range_seam_errors_name_the_unsupported_capability ... ok
test tests::env_flag_on_treats_off_values_as_disabled ... ok
test tests::full_caps_is_inline ... ok
test tests::global_secure_input_is_blocked ... ok
test tests::hotkey_only_intercept_is_hotkey_mode ... ok
test tests::no_caret_but_writable_is_popup ... ok
test tests::no_insert_strategy_is_unsupported ... ok
test tests::non_hotkey_intercept_variants_do_not_resolve_to_hotkey_mode ... ok
test tests::not_readable_is_unsupported ... ok
test tests::only_atomic_strategies_support_range_replace ... ok
test tests::platform_error_display_renders_each_variant ... ok
test tests::readable_not_writable_is_unsupported ... ok
test tests::rearm_defaults_to_noop_and_with_rearm_forwards_including_err ... ok
test tests::secure_blocks_even_when_otherwise_unsupported ... ok
test tests::secure_field_blocks_even_with_hotkey_only_intercept ... ok
test tests::secure_field_state_alone_is_blocked ... ok
test tests::secure_flag_alone_with_normal_state_is_blocked ... ok
test tests::secure_input_enabled_blocks_even_when_otherwise_unsupported ... ok
test tests::secure_is_always_blocked ... ok
test tests::subscription_drop_runs_cancel_once ... ok
test tests::subscription_without_cancel_drops_safely ... ok
test tests::unknown_security_state_alone_is_not_blocked ... ok
test tests::unsupported_wins_over_hotkey_only_intercept ... ok
test tests::utf16_offset_mid_surrogate_resolves_after_the_pair ... ok
test tests::ux_mode_overlay_without_readable_caret_is_popup ... ok

test result: ok. 33 passed; 0 failed; 0 ignored; 0 measured; 0 filtered out; finished in 0.00s

     Running tests/carbon_registry_tests.rs (target/debug/deps/carbon_registry_tests-6ee79ef479ab5e90)

running 17 tests
test consumer_arm_registers_inline_on_main_with_the_full_plan_in_order ... ok
test consumer_nth_register_failure_rolls_back_exactly_the_owned_successes_and_stays_retryable ... ok
test consumer_replacement_leaves_the_shortcut_family_untouched ... ok
test default_empty_plans_install_the_handler_arm_empty_slots_and_register_nothing ... ok
test consumer_teardown_unregisters_each_owned_ref_exactly_once_and_preserves_shortcuts ... ok
test explicit_fixture_registers_consumer_ids_one_to_four_shortcut_ids_five_to_eight_and_grammar_id_nine ... ok
test consumer_replacement_unregisters_every_old_ref_before_the_first_new_register ... ok
test handler_install_failure_propagates_without_effects_and_a_later_retry_installs_and_replaces ... ok
test off_main_teardown_requests_are_rejected_without_native_effects ... ok
test owner_and_arm_ids_are_globally_monotonic_across_adapter_lifetimes ... ok
test retire_matches_owner_arm_and_family_and_ignores_stale_duplicate_and_foreign_requests ... ok
test off_main_consumer_install_is_rejected_with_zero_native_or_slot_effects ... ok
test retire_of_a_replaced_arm_is_a_stale_no_op_that_cannot_clear_the_newer_arm ... ok
test shortcut_arm_keeps_successful_keys_and_skips_only_the_failed_binding ... ok
test slot_hooks_observe_cleared_before_the_replacement_publish ... ok
test zero_key_plans_still_arm_their_slot_with_zero_registrations ... ok
test shutdown_owner_drains_only_that_owners_entries_across_both_families ... ok

test result: ok. 17 passed; 0 failed; 0 ignored; 0 measured; 0 filtered out; finished in 0.00s

     Running unittests src/lib.rs (target/debug/deps/platform_linux-5f23865a0dd19dc9)

running 189 tests
test atspi_caps::tests::a_field_with_no_text_interface_is_unsupported_not_readable ... ok
test atspi_caps::tests::a_role_we_do_not_recognize_is_not_treated_as_secure ... ok
test atspi_caps::tests::editable_entry_is_readable_writable_and_atomically_replaceable ... ok
test atspi_caps::tests::password_role_forces_blocked_regardless_of_everything_else ... ok
test atspi_caps::tests::toolkit_folds_only_the_names_the_enum_knows ... ok
test atspi_caps::tests::multiline_state_is_carried_through ... ok
test atspi_caps::tests::the_override_redirect_overlay_is_reported_now_that_it_exists ... ok
test atspi_caps::tests::unbuilt_mechanisms_are_reported_as_absent ... ok
test atspi_caps::tests::unwritable_fields_report_no_insert_strategy ... ok
test atspi_event_map::tests::linux_field_registry_drops_foreign_caret_without_advancing_generation ... ok
test atspi_event_map::tests::latest_collapses_a_burst_to_its_newest_event ... ok
test atspi_event_map::tests::linux_field_registry_reuses_focus_identity_for_caret_events ... ok
test atspi_event_map::tests::linux_field_registry_revisit_invalidates_the_first_handle ... ok
test atspi_events::tests::a_null_object_reference_yields_no_element_id ... ok
test atspi_events::tests::both_subscription_constructors_draw_from_the_same_counter ... ok
test atspi_events::tests::debug_logging_is_opt_in_and_understands_explicit_off_values ... ok
test atspi_events::tests::subscription_ids_are_distinct_per_subscription ... ok
test atspi_ids::tests::element_id_decode_fails_closed_on_anything_it_did_not_encode ... ok
test atspi_events::tests::stopping_joins_workers_that_acknowledge_within_the_bound ... ok
test atspi_ids::tests::element_id_keeps_the_root_path_usable ... ok
test atspi_ids::tests::element_id_round_trips_a_dbus_address ... ok
test atspi_events::tests::caret_moves_decode_to_the_element_that_moved ... ok
test atspi_live::tests::field_scalar_count_rejects_negative_and_over_cap_values ... ok
test atspi_live::tests::insert_text_length_is_the_utf8_byte_count_not_the_scalar_count ... ok
test atspi_live::tests::rebuilt_field_at_cap_is_allowed_and_one_scalar_over_is_refused ... ok
test atspi_live::tests::replacement_refuses_a_range_past_the_field_and_text_that_changed_underneath ... ok
test atspi_live::tests::replacement_revalidation_refuses_edits_inside_or_outside_the_range ... ok
test atspi_live::tests::range_offsets_validate_half_open_scalar_bounds_before_provider_io ... ok
test atspi_live_tests::live_capabilities_describe_an_editable_single_line_entry ... ignored, needs the AT-SPI session harness: run-linux-atspi-session.sh --run-in-session
test atspi_live_tests::live_caret_events_deliver_on_screen_geometry_and_stop_when_dropped ... ignored, needs the AT-SPI session harness: run-linux-atspi-session.sh --run-in-session
test atspi_live_tests::live_caret_rect_is_real_screen_geometry ... ignored, needs the AT-SPI session harness: run-linux-atspi-session.sh --run-in-session
test atspi_live_tests::live_correction_overlay_underlines_the_word_and_banners_the_suggestion ... ignored, needs the AT-SPI session harness: run-linux-atspi-session.sh --run-in-session
test atspi_live_tests::live_empty_entry_uses_component_bounds_as_popup_anchor ... ignored, needs the AT-SPI session harness: run-linux-atspi-session.sh --run-in-session
test atspi_live_tests::live_every_atspi_io_path_rejects_a_stale_generation_before_io ... ignored, needs the AT-SPI session harness: run-linux-atspi-session.sh --run-in-session
test atspi_live_tests::live_focus_events_deliver_a_readable_field_and_stop_when_dropped ... ignored, needs the AT-SPI session harness: run-linux-atspi-session.sh --run-in-session
test atspi_live_tests::live_focused_field_is_the_fixture_entry_and_reads_its_text ... ignored, needs the AT-SPI session harness: run-linux-atspi-session.sh --run-in-session
test atspi_live_tests::live_front_app_names_the_fixture ... ignored, needs the AT-SPI session harness: run-linux-atspi-session.sh --run-in-session
test atspi_live_tests::live_ghost_overlay_actually_draws_pixels_where_the_text_goes ... ignored, needs the AT-SPI session harness: run-linux-atspi-session.sh --run-in-session
test atspi_live_tests::live_ghost_overlay_is_an_override_redirect_clickthrough_window_at_the_caret ... ignored, needs the AT-SPI session harness: run-linux-atspi-session.sh --run-in-session
test atspi_live_tests::live_ghost_overlay_update_reuses_the_window_and_hide_is_idempotent ... ignored, needs the AT-SPI session harness: run-linux-atspi-session.sh --run-in-session
test atspi_live_tests::live_insert_puts_non_ascii_text_whole_at_the_caret ... ignored, needs the AT-SPI session harness: run-linux-atspi-session.sh --run-in-session
test atspi_live_tests::live_insert_puts_text_at_the_caret ... ignored, needs the AT-SPI session harness: run-linux-atspi-session.sh --run-in-session
test atspi_live_tests::live_insert_replacing_left_stays_fail_closed ... ignored, needs the AT-SPI session harness: run-linux-atspi-session.sh --run-in-session
test atspi_live_tests::live_malformed_and_stale_ids_fail_closed_without_panicking ... ignored, needs the AT-SPI session harness: run-linux-atspi-session.sh --run-in-session
test atspi_live_tests::live_offsets_count_scalars_not_utf16_units ... ignored, needs the AT-SPI session harness: run-linux-atspi-session.sh --run-in-session
test atspi_live_tests::live_over_cap_field_refuses_read_and_replace_without_mutation ... ignored, needs the AT-SPI session harness: run-linux-atspi-session.sh --run-in-session
test atspi_live_tests::live_overlay_batched_requests_fail_closed_on_injected_bad_request ... ignored, needs the AT-SPI session harness: run-linux-atspi-session.sh --run-in-session
test atspi_live_tests::live_range_replace_refuses_a_stale_or_impossible_range_and_leaves_the_field_alone ... ignored, needs the AT-SPI session harness: run-linux-atspi-session.sh --run-in-session
test atspi_live_tests::live_range_replace_swaps_exactly_the_range ... ignored, needs the AT-SPI session harness: run-linux-atspi-session.sh --run-in-session
test atspi_live_tests::live_selection_is_reported_as_a_scalar_range_with_its_text ... ignored, needs the AT-SPI session harness: run-linux-atspi-session.sh --run-in-session
test atspi_events::tests::focus_is_decoded_only_when_an_element_takes_the_focus ... ok
test atspi_live_tests::live_text_range_rect_is_real_screen_geometry_for_scalar_ranges ... ignored, needs the AT-SPI session harness: run-linux-atspi-session.sh --run-in-session
test atspi_live::tests::opening_without_an_accessibility_bus_fails_closed ... ok
test atspi_live_tests::live_xtest_insert_types_preflighted_text_and_refuses_an_unmapped_scalar ... ignored, needs the AT-SPI session harness: run-linux-atspi-session.sh --run-in-session
test atspi_live_tests::x11_accept_tap::live_accept_tap_consumes_only_while_a_suggestion_is_visible ... ignored, needs the AT-SPI session harness: run-linux-atspi-session.sh --run-in-session
test atspi_live_tests::x11_accept_tap::live_accept_tap_failed_arm_leaves_no_state_behind ... ignored, needs the AT-SPI session harness: run-linux-atspi-session.sh --run-in-session
test atspi_live_tests::x11_accept_tap::live_accept_tap_failed_rebind_restores_the_armed_plan ... ignored, needs the AT-SPI session harness: run-linux-atspi-session.sh --run-in-session
test atspi_live_tests::x11_accept_tap::live_accept_tap_ignores_an_unrelated_alt_tab_owner ... ignored, needs the AT-SPI session harness: run-linux-atspi-session.sh --run-in-session
test atspi_live_tests::x11_accept_tap::live_accept_tap_mapping_collision_drops_the_stale_armed_plan ... ignored, needs the AT-SPI session harness: run-linux-atspi-session.sh --run-in-session
test atspi_live_tests::x11_accept_tap::live_accept_tap_never_leaves_the_keyboard_grabbed_after_teardown ... ignored, needs the AT-SPI session harness: run-linux-atspi-session.sh --run-in-session
test atspi_live_tests::x11_accept_tap::live_accept_tap_plan_build_failure_drops_the_stale_armed_plan ... ignored, needs the AT-SPI session harness: run-linux-atspi-session.sh --run-in-session
test atspi_live_tests::x11_accept_tap::live_accept_tap_rebinds_while_armed ... ignored, needs the AT-SPI session harness: run-linux-atspi-session.sh --run-in-session
test atspi_live_tests::x11_accept_tap::live_accept_tap_rebuilds_its_plan_after_keyboard_mapping_notify ... ignored, needs the AT-SPI session harness: run-linux-atspi-session.sh --run-in-session
test atspi_live_tests::x11_accept_tap::live_accept_tap_replays_a_modified_chord_to_the_application ... ignored, needs the AT-SPI session harness: run-linux-atspi-session.sh --run-in-session
test atspi_live_tests::x11_accept_tap::live_accept_tap_reports_dismiss_and_cycle_with_their_controls ... ignored, needs the AT-SPI session harness: run-linux-atspi-session.sh --run-in-session
test atspi_live::tests::synthetic_preflight_caps_the_result_and_mismatch_diagnostics_hide_field_text ... ok
test atspi_live_tests::x11_accept_tap::live_accept_tap_watchdog_disarms_a_missed_hide ... ignored, needs the AT-SPI session harness: run-linux-atspi-session.sh --run-in-session
test atspi_live_tests::x11_accept_tap::live_capabilities_report_the_x_grab_key_tap ... ignored, needs the AT-SPI session harness: run-linux-atspi-session.sh --run-in-session
test confirm::live_tests::zenity_accepts_the_argv_we_build_and_times_out_as_a_decline ... ignored, needs the AT-SPI session harness: run-linux-atspi-session.sh --run-in-session
test atspi_live::tests::screen_rect_from_extents_accepts_component_bounds_and_rejects_degenerate_geometry ... ok
test atspi_live::tests::uncertain_synthetic_input_quarantines_every_field ... ok
test atspi_live::tests::bounded_bus_call_passes_fast_results_and_errors_through ... ok
test atspi_live::tests::successful_and_refused_writes_keep_the_session_usable ... ok
test confirm::tests::a_declining_helper_short_circuits_the_chain ... ok
test confirm::tests::a_display_problem_short_circuits_before_any_helper_is_spawned ... ok
test atspi_live::tests::readback_mismatch_quarantines_only_that_field ... ok
test confirm::tests::a_session_with_no_display_is_reported_and_never_read_as_a_decline ... ok
test confirm::tests::an_absent_zenity_is_an_error_naming_it_and_never_a_confirm ... ok
test confirm::tests::hostile_prompt_text_stays_one_argv_element_per_field ... ok
test confirm::tests::no_helper_at_all_fails_closed_and_names_what_to_install ... ok
test confirm::tests::only_exit_zero_confirms ... ok
test keyring::live_tests::keyring_behaves_as_the_runner_declared ... ignored, needs the AT-SPI session harness: run-linux-atspi-session.sh --run-in-session
test confirm::tests::the_helper_chain_contains_only_helpers_that_can_decline_by_default ... ok
test confirm::tests::zenity_argv_makes_cancel_the_default_and_disables_markup ... ok
test memory_key::tests::a_generator_failure_propagates_without_writing ... ok
test confirm::tests::a_broken_helper_falls_through_but_never_confirms ... ok
test memory_key::tests::a_key_that_failed_to_persist_is_never_returned ... ok
test memory_key::tests::an_unlocked_match_wins_and_a_locked_match_is_never_absent ... ok
test memory_key::tests::a_wrong_length_secret_errors_and_is_never_overwritten ... ok
test memory_key::tests::attributes_name_the_same_secret_as_the_macos_keychain_entry ... ok
test memory_key::tests::first_use_generates_persists_and_returns_the_same_key ... ok
test memory_key::tests::load_existing_absence_never_generates_or_writes ... ok
test memory_key::tests::load_returns_the_existing_key_without_writing ... ok
test memory_key::tests::random_key_returns_32_fresh_bytes ... ok
test overlay_font::tests::search_dirs_prefer_user_then_xdg_then_fhs_and_drop_relative_entries ... ok
test overlay_font::tests::preferred_faces_outrank_unknown_ones_and_styled_faces_are_refused ... ok
test overlay_geometry::tests::a_non_finite_rect_yields_a_usable_box_instead_of_garbage ... ok
test overlay_geometry::tests::an_element_bounds_rect_is_not_treated_as_a_caret ... ok
test overlay_geometry::tests::banner_width_covers_the_word_but_stays_bounded ... ok
test overlay_geometry::tests::correction_banner_sits_above_the_word_and_flips_below_when_it_cannot ... ok
test overlay_geometry::tests::correction_underline_sits_directly_under_the_word ... ok
test overlay_geometry::tests::font_size_tracks_the_box_height ... ok
test overlay_geometry::tests::ghost_hugs_the_caret_line_with_no_y_flip ... ok
test overlay_geometry::tests::ghost_width_follows_the_measured_text_and_is_capped ... ok
test overlay_geometry::tests::the_overlay_is_clamped_into_the_root_window ... ok
test overlay_geometry::tests::visible_rects_cover_exactly_the_non_transparent_runs ... ok
test reveal::live_tests::reveal_sends_show_items_with_a_percent_encoded_file_uri ... ignored, needs the AT-SPI session harness: run-linux-atspi-session.sh --run-in-session
test reveal::tests::containing_dir_is_the_parent_and_never_the_file ... ok
test reveal::tests::file_uri_percent_encodes_everything_a_path_can_hold ... ok
test reveal::tests::non_utf8_path_bytes_survive_uri_and_parent_routing ... ok
test tests::a_replaced_binary_keeps_its_identity ... ok
test tests::accept_tap_install_failure_degrades_to_no_accept_tap ... ok
test tests::an_empty_or_argv0_only_cmdline_does_not_produce_an_empty_id ... ok
test tests::app_id_prefers_exe_then_cmdline_then_comm ... ok
test overlay_font::tests::equal_rank_fonts_follow_search_directory_order_before_path ... ok
test tests::autostart_dir_prefers_an_absolute_xdg_config_home ... ok
test tests::autostart_exec_value_is_quoted_and_field_codes_are_escaped ... ok
test tests::every_io_and_subscribe_method_fails_closed ... ok
test tests::front_app_answers_from_the_registry_without_a_bus_walk ... ok
test memory_key::tests::a_read_error_propagates_without_generating_or_writing ... ok
test tests::insert_fails_closed_for_every_strategy_variant ... ok
test tests::insert_replacing_zero_replace_left_also_fails_closed ... ok
test tests::autostart_reports_io_failure_instead_of_silently_not_enabling ... ok
test tests::linux_version_degrades_to_whatever_probe_survives ... ok
test tests::linux_version_falls_back_to_name_and_version_id ... ok
test tests::linux_version_prefers_pretty_name_and_names_the_kernel ... ok
test tests::meminfo_total_converts_kibibytes_and_refuses_anything_else ... ok
test tests::overlay_reality_patch_downgrades_placement_only_on_wayland_only ... ok
test tests::live_probes_report_real_values_on_a_linux_host ... ok
test overlay_font::tests::the_scan_finds_the_best_face_in_a_nested_layout ... ok
test tests::posix_basename_splits_on_slash_only ... ok
test tests::overlay_without_a_display_fails_closed_on_linux ... ok
test tests::subscribe_accept_without_a_tap_degrades_instead_of_failing_startup ... ok
test tests::scaffold_reports_linux_and_fails_closed ... ok
test tests::synthetic_insert_is_advertised_only_for_safe_nonsecure_field_facts ... ok
test tests::unavailable_and_unsupported_reasons_name_the_failing_method ... ok
test tests::autostart_entry_round_trips_enable_and_disable ... ok
test overlay_font::tests::the_scan_follows_symlinks_because_font_trees_are_symlink_farms ... ok
test tests::wayland_only_session_detection_needs_both_env_facts ... ok
test tray::tests::actions_only_mutate_their_shared_flag ... ok
test tray::tests::menu_keeps_dynamic_status_and_accessibility_visibility ... ok
test overlay_font::tests::the_scan_is_depth_bounded_and_stable ... ok
test x11_insert::tests::any_modifier_or_nonprimary_xkb_group_refuses_dispatch ... ok
test x11_insert::tests::complete_string_is_preflighted_into_unshifted_and_shifted_strokes ... ok
test x11_insert::tests::unicode_keysym_already_present_in_layout_is_supported_without_remapping ... ok
test x11_insert::tests::unrepresentable_or_control_character_refuses_the_whole_plan ... ok
test x11_keys::tests::a_rebound_chord_translates_keycode_and_modifier_mask_together ... ok
test x11_keys::tests::an_armed_correction_consumes_only_the_grammar_key ... ok
test x11_keys::tests::an_armed_ghost_binds_word_full_dismiss_and_cycle ... ok
test tray::tests::updates_are_nonblocking_and_coalesce_while_the_service_stalls ... ok
test x11_keys::tests::configured_chords_validate_before_swapping_and_feed_the_tap ... ok
test x11_keys::tests::default_chords_translate_to_the_four_x11_keysyms ... ok
test x11_keys::tests::distinct_keysyms_deduplicates_two_roles_sharing_one_key ... ok
test x11_keys::tests::every_mapped_mac_keycode_is_distinct_and_unmapped_ones_are_dropped ... ok
test x11_keys::tests::keycode_lookup_falls_back_to_a_shifted_level_when_that_is_the_only_match ... ok
test x11_keys::tests::keycode_lookup_prefers_the_unshifted_level_and_reports_absence ... ok
test x11_keys::tests::latched_lock_modifiers_do_not_break_a_bare_binding ... ok
test x11_keys::tests::mac_modifier_masks_map_onto_the_x11_bit_layout ... ok
test x11_keys::tests::modifiers_are_matched_exactly_so_ctrl_tab_and_option_tab_pass_through ... ok
test x11_keys::tests::nothing_is_consumed_while_no_action_is_armed ... ok
test x11_keys::tests::the_grab_exists_exactly_while_an_action_is_armed ... ok
test x11_keys::tests::the_watchdog_disarms_a_stuck_arm_and_an_elapsed_scheduled_hide ... ok
test x11_keys::tests::the_watchdog_thaws_a_frozen_keyboard_before_anything_else ... ok
test x11_keys::tests::watchdog_arithmetic_cannot_wrap_on_a_clock_that_went_backwards ... ok
test x11_overlay::tests::blending_a_glyph_pixel_respects_coverage_and_bounds ... ok
test x11_overlay::tests::pixels_are_serialized_in_the_servers_byte_order ... ok
test x11_overlay::tests::premultiplied_scales_colour_by_alpha ... ok
test x11_shortcuts::tests::live_shortcut_is_consumed_dispatched_and_released_on_drop ... ignored, needs an X session: run-linux-atspi-session.sh --run-in-session
test x11_shortcuts::tests::always_on_shortcuts_cannot_collide_with_accept_chords ... ok
test x11_shortcuts::tests::translates_all_actions_and_matches_modifiers_exactly ... ok
test x11_shortcuts::tests::unknown_keycodes_are_omitted_and_empty_configuration_is_inert ... ok
test x11_shortcuts::live::tests::drop_interrupts_worker_blocked_in_mapping_reply ... ok
test x11_tap::tests::partial_worker_spawn_failure_joins_every_started_worker ... ignored, needs an X session: run-linux-atspi-session.sh --run-in-session
test x11_tap::tests::lock_mask_expansion_covers_caps_and_discovered_numlock_without_duplicates ... ok
test x11_tap::tests::watchdog_disarm_skips_an_arm_published_after_its_deadline_read ... ok
test x11_tap::tests::set_action_publishes_action_and_grab_under_one_lock ... ok
test tests::url_launcher_reports_a_failure_detected_during_the_poll_window ... ok
test tests::shell_host_is_fail_closed ... ok
test confirm::tests::a_fake_helper_records_our_argv_and_its_exit_code_decides ... ok
test atspi_live::tests::bounded_bus_call_maps_a_wedged_call_to_platform_timeout ... ok
test atspi_live::tests::expired_mutation_preparation_cannot_write_after_timeout ... ok
test atspi_live::tests::at_cap_field_refuses_a_growing_replacement_and_still_builds_a_same_size_one ... ok
test x11_insert::tests::startup_probe_is_bounded_when_the_x_server_never_replies ... ok
test tray::tests::startup_timeout_is_bounded_when_the_service_stalls ... ok
test atspi_events::tests::timed_out_subscription_setup_drops_late_resources_without_starting_workers ... ok
test atspi_live::tests::connection_authentication_is_bounded_by_the_setup_deadline ... ok
test tests::url_launcher_reaps_child_without_blocking_the_caller ... ok
test atspi_live::tests::late_write_reply_serializes_then_quarantines_every_later_mutation ... ok
test atspi_events::tests::stopping_is_bounded_when_a_subscriber_blocks_and_nothing_is_delivered_after_it ... ok

test result: ok. 147 passed; 0 failed; 42 ignored; 0 measured; 0 filtered out; finished in 2.00s

     Running unittests src/lib.rs (target/debug/deps/platform_windows-c65416ac20bd7a2a)

running 39 tests
test tests::every_io_and_subscribe_method_fails_closed ... ok
test tests::heartbeat_wait_timeout_never_reaches_infinite ... ok
test tests::insert_fails_closed_for_every_strategy_variant ... ok
test tests::insert_replacing_zero_replace_left_also_fails_closed ... ok
test tests::native_url_launcher_receives_metacharacters_verbatim ... ok
test tests::open_url_with_rejects_interior_nul_without_launching ... ok
test tests::overlay_is_fail_closed_and_hide_is_idempotent ... ok
test tests::scaffold_reports_windows_and_fails_closed ... ok
test tests::unsupported_reason_names_the_failing_method ... ok
test uia_caps::tests::availability_properties_distinguish_every_pattern_combination ... ok
test uia_caps::tests::availability_property_failure_is_not_misclassified_as_pattern_absence ... ok
test uia_caps::tests::framework_id_surfaces_as_the_toolkit ... ok
test uia_caps::tests::no_mechanism_no_claim_invariant_holds_across_every_combo ... ok
test uia_caps::tests::no_patterns_is_inert_but_well_formed ... ok
test uia_caps::tests::password_field_maps_to_the_blocked_set ... ok
test uia_caps::tests::value_pattern_alone_is_not_readable ... ok
test uia_ids::tests::extreme_component_values_round_trip ... ok
test uia_ids::tests::refuses_arbitrary_pid_labels_and_malformed_unicode_without_panicking ... ok
test uia_ids::tests::refuses_foreign_prefixes_from_other_adapters ... ok
test uia_ids::tests::refuses_malformed_pid_and_components ... ok
test uia_ids::tests::refuses_missing_or_empty_rid ... ok
test uia_ids::tests::round_trips_pid_and_multi_component_runtime_id ... ok
test uia_ids::tests::single_component_round_trips ... ok
test uia_lifecycle::tests::factory_creation_failure_still_balances_successful_initialization ... ok
test uia_lifecycle::tests::failed_initialization_does_not_uninitialize ... ok
test uia_lifecycle::tests::interfaces_drop_before_apartment_cleanup ... ok
test uia_text::tests::ascii_selection_splits_left_selected_right ... ok
test uia_text::tests::astral_scalar_spans_two_utf16_units_and_stays_whole ... ok
test uia_text::tests::collapsed_selection_has_caret_and_no_selection ... ok
test uia_text::tests::collapsed_selection_produces_the_exact_caret ... ok
test uia_text::tests::empty_document_is_well_formed ... ok
test uia_text::tests::inverted_selection_is_normalized_by_swapping ... ok
test uia_text::tests::missing_or_ambiguous_selection_ranges_are_rejected ... ok
test uia_text::tests::out_of_range_and_negative_endpoints_clamp ... ok
test uia_text::tests::prefix_text_counts_utf16_units_for_emoji_and_multiline_text ... ok
test uia_text::tests::rejects_out_of_document_and_inconsistent_provider_snapshots ... ok
test uia_text::tests::sign_only_endpoint_comparisons_produce_exact_ascii_selection ... ok
test uia_caps::tests::text_pattern_field_is_readable_not_writable ... ok
test tests::shell_host_is_fail_closed ... ok

test result: ok. 39 passed; 0 failed; 0 ignored; 0 measured; 0 filtered out; finished in 0.01s

     Running unittests src/lib.rs (target/debug/deps/prefs-dc20097ca8deafbb)

running 46 tests
test tests::active_snooze_overrides_a_per_app_force_enable ... ok
test tests::app_snooze_and_excluded_domain_override_a_per_app_force_enable ... ok
test tests::app_snooze_deadline_tick_auto_resumes_for_that_app ... ok
test tests::app_snooze_gates_only_that_app_and_auto_resumes ... ok
test tests::app_snooze_until_relaunch_saturates ... ok
test tests::collection_allowed_defaults_on_and_honors_the_per_app_override ... ok
test tests::default_allows_suggestions ... ok
test tests::default_blocks_suggestions_when_disabled ... ok
test tests::excluded_app_blocks_suggestions ... ok
test tests::excluded_domain_blocks_suggestions ... ok
test tests::excluded_domain_blocks_suggestions_without_an_app_key ... ok
test tests::excluded_domain_does_not_match_rule_as_non_boundary_suffix ... ok
test tests::excluded_domain_lookup_is_case_insensitive ... ok
test tests::excluded_domain_lookup_normalizes_dns_root_dots_on_both_sides ... ok
test tests::excluded_domain_matches_subdomains_on_a_dot_boundary ... ok
test tests::feature_overrides_with_no_app_key_fall_through_to_the_global_default ... ok
test tests::global_snooze_saturates_instead_of_wrapping ... ok
test tests::fully_enable_app_clears_the_exclude_but_preserves_other_per_app_fields ... ok
test tests::grammar_fix_enabled_inherits_global_default_without_app ... ok
test tests::grammar_fix_enabled_respects_per_app_override ... ok
test tests::monitored_collection_allowed_for_enabled_unsnoozed_app_with_collection_on ... ok
test tests::monitored_collection_blocked_for_excluded_domain ... ok
test tests::monitored_collection_stops_for_per_app_snoozed_app_only ... ok
test tests::monitored_collection_stops_when_suggestions_are_gated_by_snooze_or_exclusion ... ok
test tests::per_app_collect_inputs_false_blocks_collection_but_not_suggestions ... ok
test tests::per_app_disable_overrides_global_default ... ok
test tests::per_app_enable_overrides_global_disabled_default ... ok
test tests::per_app_feature_overrides_inherit_the_global_default ... ok
test tests::set_app_policy_field_disable_does_not_add_to_excluded_apps ... ok
test tests::set_app_policy_field_enable_clears_a_tray_exclude ... ok
test tests::set_app_policy_field_tri_state_then_delete_reverts_to_inherit ... ok
test tests::set_app_policy_field_writes_back_each_editable_field ... ok
test tests::set_app_policy_field_writes_grammar_fix ... ok
test tests::snooze_blocks_then_auto_resumes ... ok
test tests::snooze_deadline_is_exclusive_so_zero_minutes_never_snoozes ... ok
test tests::tab_disabled_is_per_app ... ok
test tests::web_override_app_enable_clears_a_prior_exclude ... ok
test tests::web_override_app_include_on_unexcluded_app_is_a_harmless_noop ... ok
test tests::web_override_disable_sets_explicit_per_app_state ... ok
test tests::web_override_disables_then_re_enables_an_app ... ok
test tests::web_override_domain_disable_excludes_and_include_unexcludes ... ok
test tests::web_override_domain_enable_clears_a_child_rule_when_a_parent_is_enabled ... ok
test tests::web_override_domain_enable_clears_a_parent_rule_that_blocks_a_subdomain ... ok
test tests::web_override_domain_rules_normalize_case_to_match_detected_hosts ... ok
test tests::web_override_excludes_then_includes_a_domain ... ok
test tests::web_override_excludes_then_includes_an_app ... ok

test result: ok. 46 passed; 0 failed; 0 ignored; 0 measured; 0 filtered out; finished in 0.00s

     Running unittests src/lib.rs (target/debug/deps/ranker-ee4b02e0842e0d99)

running 70 tests
test tests::abbreviation_allowlist_only_matches_whole_tokens ... ok
test tests::abbreviation_allowlist_stays_out_of_sentence_ending_words ... ok
test tests::cap_words_caps ... ok
test tests::cap_words_empty_string_is_empty ... ok
test tests::cap_words_fewer_returns_all ... ok
test tests::cap_words_handles_unicode_words ... ok
test tests::cap_words_normalizes_whitespace ... ok
test tests::cap_words_whitespace_only_is_empty ... ok
test tests::cap_words_zero_is_empty ... ok
test tests::is_degenerate_repetition_flags_case_varied_loop ... ok
test tests::is_degenerate_repetition_flags_emoji_loop ... ok
test tests::is_degenerate_repetition_flags_repeated_phrase ... ok
test tests::is_degenerate_repetition_flags_single_word_loop ... ok
test tests::is_degenerate_repetition_flags_three_word_phrase_at_loop_boundary ... ok
test tests::is_degenerate_repetition_flags_through_irregular_whitespace ... ok
test tests::is_degenerate_repetition_ignores_attached_punctuation ... ok
test tests::is_degenerate_repetition_ignores_divisible_but_non_repeating ... ok
test tests::is_degenerate_repetition_ignores_multiword_phrase_with_partial_trailing_chunk ... ok
test tests::is_degenerate_repetition_ignores_normal_text ... ok
test tests::is_degenerate_repetition_ignores_phrase_repeated_only_twice ... ok
test tests::is_degenerate_repetition_ignores_short_text ... ok
test tests::is_degenerate_repetition_ignores_two_repeats ... ok
test tests::next_word_collapses_leading_whitespace_to_one_seam_space ... ok
test tests::next_word_empty_is_empty ... ok
test tests::next_word_pieces_concatenate_to_the_normalized_whole ... ok
test tests::next_word_single_word_has_empty_remainder ... ok
test tests::next_word_splits_unicode_word_with_trailing_space ... ok
test tests::next_word_splits_with_trailing_space ... ok
test tests::next_word_two_words_splits_cleanly ... ok
test tests::repetition_penalty_candidate_equals_recent_is_low ... ok
test tests::repetition_penalty_empty_recent_is_full ... ok
test tests::repetition_penalty_folds_unicode_case ... ok
test tests::repetition_penalty_full_for_reordered_words ... ok
test tests::repetition_penalty_full_for_substring_not_word ... ok
test tests::repetition_penalty_full_when_candidate_longer_than_recent ... ok
test tests::repetition_penalty_ignores_attached_punctuation ... ok
test tests::repetition_penalty_ignores_empty_candidate ... ok
test tests::repetition_penalty_is_case_insensitive ... ok
test tests::repetition_penalty_is_case_insensitive_on_recent_context ... ok
test tests::repetition_penalty_is_full_for_new_text ... ok
test tests::repetition_penalty_matches_contiguous_word_run ... ok
test tests::repetition_penalty_single_word_whole_match_is_low ... ok
test tests::strip_suffix_overlap_empties_when_all_words_overlap ... ok
test tests::strip_suffix_overlap_empty_right_keeps_candidate ... ok
test tests::strip_suffix_overlap_folds_unicode_case ... ok
test tests::strip_suffix_overlap_ignores_punctuation_only_overlap ... ok
test tests::strip_suffix_overlap_is_punctuation_and_case_insensitive ... ok
test tests::strip_suffix_overlap_keeps_candidate_without_overlap ... ok
test tests::strip_suffix_overlap_misses_overlap_straddling_punctuation_by_design ... ok
test tests::strip_suffix_overlap_prefers_longest_overlap ... ok
test tests::strip_suffix_overlap_removes_words_already_after_caret ... ok
test tests::strip_suffix_overlap_strips_multi_word_tail_when_candidate_is_longer ... ok
test tests::trim_to_stop_boundary_cuts_at_bare_carriage_return ... ok
test tests::trim_to_stop_boundary_cuts_at_carriage_return ... ok
test tests::trim_to_stop_boundary_cuts_at_first_newline ... ok
test tests::trim_to_stop_boundary_empty_when_leading_newline ... ok
test tests::trim_to_stop_boundary_keeps_single_line_intact ... ok
test tests::truncate_at_sentence_end_cut_is_byte_correct_after_a_multibyte_prefix ... ok
test tests::truncate_at_sentence_end_cuts_after_first_terminator ... ok
test tests::truncate_at_sentence_end_cuts_at_real_terminator_after_abbreviation ... ok
test tests::truncate_at_sentence_end_cuts_before_unicode_whitespace ... ok
test tests::truncate_at_sentence_end_handles_question_and_exclaim ... ok
test tests::truncate_at_sentence_end_includes_trailing_terminator_only ... ok
test tests::truncate_at_sentence_end_keeps_common_abbreviations ... ok
test tests::truncate_at_sentence_end_keeps_decimals ... ok
test tests::truncate_at_sentence_end_keeps_terminator_followed_by_multibyte_char ... ok
test tests::truncate_at_sentence_end_keeps_titles_and_dotted_initials_whole ... ok
test tests::truncate_at_sentence_end_keeps_unterminated_text ... ok
test tests::truncate_at_sentence_end_keeps_uppercase_abbreviations ... ok
test tests::truncate_at_sentence_end_still_cuts_after_sentence_ending_abbreviations ... ok

test result: ok. 70 passed; 0 failed; 0 ignored; 0 measured; 0 filtered out; finished in 0.00s

     Running unittests src/lib.rs (target/debug/deps/redaction-4708b43ce1f4c176)

running 58 tests
test tests::luhn_valid_accepts_ascii_digits_only ... ok
test tests::luhn_validates_known_values ... ok
test tests::long_email_local_part_is_fully_redacted ... ok
test tests::leaves_non_luhn_digit_runs_alone ... ok
test tests::dot_and_comma_are_card_separators ... ok
test tests::email_requires_a_two_char_tld_and_a_dot ... ok
test tests::long_lowercase_prose_tokens_survive_redaction ... ok
test tests::card_redaction_covers_the_length_band_and_spares_short_luhn_runs ... ok
test tests::preserves_ordinary_prose ... ok
test tests::redaction_is_idempotent ... ok
test tests::lowercase_urls_and_paths_survive_the_generic_secret_branch ... ok
test tests::fullwidth_digit_card_numbers_are_redacted ... ok
test tests::redaction_is_idempotent_for_card_secret_and_mixed ... ok
test tests::long_uppercase_letter_runs_survive_redaction ... ok
test tests::redacts_all_letter_mixed_case_secret ... ok
test tests::redacts_aws_access_key_id ... ok
test tests::leaves_prose_after_credential_words_alone ... ok
test tests::all_lowercase_all_letter_long_token_is_not_redacted_known_gap ... ok
test tests::code_key_requires_word_boundary_so_compound_keys_survive ... ok
test tests::redacts_base64_padded_secret ... ok
test tests::ordinary_compound_words_are_not_treated_as_vendor_prefixed_keys ... ok
test tests::redacts_card_abutted_by_extra_digits_with_no_separator ... ok
test tests::redacts_base64_token_whose_only_punct_is_padding_equals ... ok
test tests::redacts_all_lowercase_vendor_keyed_token_via_prefix_not_entropy ... ok
test tests::redacts_all_lowercase_token_with_only_base64_punct ... ok
test tests::redacts_api_key_like_secrets ... ok
test tests::mixed_case_or_digit_paths_are_still_over_redacted_known_cost ... ok
test tests::quoted_credential_nouns_in_prose_keep_low_entropy_neighbors ... ok
test tests::redacts_dash_separated_and_nineteen_digit_cards ... ok
test tests::redacts_card_followed_immediately_by_trailing_digits ... ok
test tests::placeholder_shaped_prefix_cannot_mask_a_trailing_secret ... ok
test tests::redacts_email_addresses ... ok
test tests::redacts_cards_with_tabs_newlines_and_repeated_spaces ... ok
test tests::redacts_email_secret_and_card_together_in_one_pass ... ok
test tests::redacts_long_lowercase_token_with_digits ... ok
test tests::redacts_luhn_valid_card_numbers ... ok
test tests::redacts_smart_quoted_credential_keys_and_values ... ok
test tests::redacts_sendgrid_prefix_without_generic_length_entropy ... ok
test tests::redacts_nbsp_separated_card ... ok
test tests::redacts_json_quoted_credential_keys ... ok
test tests::redacts_jwt_including_payload ... ok
test tests::redacts_smart_quoted_whitespace_delimited_weak_passwords ... ok
test tests::unterminated_quote_credential_value_redacts_tail_to_safe_delimiter ... ok
test tests::redacts_every_weak_password_after_a_password_prefix ... ok
test tests::vendor_prefix_too_short_for_keyed_branch_survives ... ok
test tests::redaction_is_idempotent_for_quoted_credential_shapes ... ok
test tests::redacts_two_adjacent_cards_separated_only_by_a_separator ... ok
test tests::redacts_oauth_callback_params_by_name_regardless_of_entropy ... ok
test tests::whitespace_code_prose_survives_by_design ... ok
test tests::redacts_low_entropy_credentials_by_structure_not_content ... ok
test tests::redacts_whitespace_delimited_secret_key_values ... ok
test tests::underscore_compound_credential_keys_are_redacted ... ok
test tests::redacts_vendor_key_prefixes ... ok
test tests::redacts_url_query_client_secret_and_refresh_token ... ok
test tests::token_secret_keys_respect_word_boundary ... ok
test tests::redacts_short_credential_assignments_and_auth_headers ... ok
test tests::redacts_high_confidence_space_delimited_credentials ... ok
test tests::pathological_repetitive_input_scrubs_promptly_and_correctly ... ok

test result: ok. 58 passed; 0 failed; 0 ignored; 0 measured; 0 filtered out; finished in 0.21s

     Running unittests src/lib.rs (target/debug/deps/shell_flags-9ac2a38833908f6d)

running 8 tests
test tests::key_with_mods_parser_accepts_shared_shortcut_grammar ... ok
test tests::key_with_mods_formatter_orders_modifiers_and_round_trips ... ok
test tests::keymap_error_unsupported_names_the_platform_boundary ... ok
test tests::key_with_mods_parser_rejects_malformed_chords ... ok
test tests::toggle_enabled_flips_and_reports_the_previous_state ... ok
test tests::keymap_error_display_renders_each_variant ... ok
test tests::lock_recover_reads_through_a_poisoned_mutex ... ok
test tests::concurrent_toggles_never_collapse ... ok

test result: ok. 8 passed; 0 failed; 0 ignored; 0 measured; 0 filtered out; finished in 0.00s

     Running unittests src/lib.rs (target/debug/deps/stats-0350853816227ef6)

running 58 tests
test tests::acceptance_rate_can_exceed_one_when_accepts_exceed_shown ... ok
test tests::acceptance_rate_is_none_when_nothing_shown_even_with_accepts ... ok
test tests::counts_each_outcome_kind ... ok
test tests::counts_slide_as_the_query_window_advances ... ok
test tests::acceptance_rate_is_accepted_over_shown ... ok
test tests::cutoff_saturates_when_now_is_inside_the_first_window ... ok
test tests::daily_buckets_coalesce_same_window_events_into_one_slice ... ok
test tests::daily_buckets_day_boundary_is_exact_at_the_slice_edge ... ok
test tests::daily_buckets_exclude_entries_older_than_the_requested_days ... ok
test tests::daily_buckets_exclude_strictly_future_entries ... ok
test tests::daily_buckets_place_a_now_aligned_entry_in_the_newest_bucket ... ok
test tests::daily_buckets_split_the_window_into_trailing_day_slices ... ok
test tests::entries_outside_the_window_are_excluded_from_queries ... ok
test tests::empty_stats_are_all_zero_and_none ... ok
test tests::future_entries_are_excluded_from_window_queries ... ok
test tests::group_buckets_weekly_sums_each_seven_day_chunk_oldest_first ... ok
test tests::latency_avg_does_not_overflow_on_many_large_samples ... ok
test tests::grouped_bucket_sums_saturate_instead_of_wrapping ... ok
test tests::latency_avg_floor_divides ... ok
test tests::latency_avg_is_the_mean_over_the_window ... ok
test tests::latency_partial_window_keeps_survivors ... ok
test tests::latency_p95_nearest_rank ... ok
test tests::latency_samples_never_touch_session_totals ... ok
test tests::latency_window_boundary_is_inclusive ... ok
test tests::latency_samples_outside_the_window_are_excluded ... ok
test tests::percentile_even_n_two_nearest_rank ... ok
test tests::parse_stats_tolerates_whitespace_around_key_and_value ... ok
test tests::percentile_exact_rank_division_picks_the_ceiling_index ... ok
test tests::percentile_of_all_equal_samples_is_that_value_for_every_pct ... ok
test tests::percentile_of_all_zero_samples_is_some_zero_not_none ... ok
test tests::percentile_on_no_samples_is_none_for_every_pct ... ok
test tests::percentile_single_sample_is_that_sample_for_every_pct ... ok
test tests::percentile_pct_zero_is_none_regardless_of_sample_count ... ok
test tests::percentile_small_odd_n_nearest_rank ... ok
test tests::percentile_zero_is_none_and_above_100_clamps_to_max ... ok
test tests::persisted_stats_merge_saturates_huge_lifetime_counters ... ok
test tests::persisted_stats_round_trip_and_merge_session_counts ... ok
test tests::prune_bounds_the_latency_deque_too ... ok
test tests::prune_retains_the_entry_exactly_on_the_cutoff_edge ... ok
test tests::recording_past_the_window_prunes_old_entries_to_bound_memory ... ok
test tests::session_totals_accumulate_counts_and_words_only_from_outcomes ... ok
test tests::session_totals_survive_window_pruning ... ok
test tests::sparkline_handles_usize_max_without_overflow ... ok
test tests::sparkline_keeps_a_small_nonzero_day_above_the_idle_baseline ... ok
test tests::sparkline_scales_bars_to_the_series_maximum ... ok
test tests::stat_picker_enums_expose_menu_order_labels_and_index_decode ... ok
test tests::stat_range_days_are_fixed_spans ... ok
test tests::summary_line_formats_words_accepts_and_rate ... ok
test tests::summary_line_omits_the_rate_when_nothing_was_shown ... ok
test tests::summary_line_reads_as_placeholder_when_idle ... ok
test tests::summary_line_rounds_the_rate_to_a_whole_percent ... ok
test tests::summary_line_shows_counts_when_shown_but_zero_words ... ok
test tests::the_window_boundary_is_inclusive_at_exactly_30_days ... ok
test tests::weekly_grouping_also_sums_dismissed_and_superseded ... ok
test tests::weekly_group_sums_equal_daily_bucket_totals_for_every_outcome ... ok
test tests::words_and_percentile_include_the_exact_cutoff_sample ... ok
test tests::words_completed_sum_at_large_word_counts_saturates_instead_of_wrapping ... ok
test tests::words_completed_sums_accepted_word_counts ... ok

test result: ok. 58 passed; 0 failed; 0 ignored; 0 measured; 0 filtered out; finished in 0.00s

     Running unittests src/lib.rs (target/debug/deps/textcase-ddb3c33d4dd9a72a)

running 14 tests
test tests::apply_each_pattern ... ok
test tests::apply_handles_empty_and_multibyte_uppercasing ... ok
test tests::classifies_camelcase_by_first_letter_only ... ok
test tests::classifies_multibyte_accented_strings ... ok
test tests::classifies_lower_title_upper ... ok
test tests::emoji_is_caseless_and_apply_is_safe ... ok
test tests::handles_combining_marks_nfd ... ok
test tests::ignores_non_alphabetic_chars ... ok
test tests::lookup_preserving_case_matches_case_insensitively_and_reapplies_typed_case ... ok
test tests::lower_apply_is_passthrough_on_cased_input ... ok
test tests::mixed_case_keys_on_first_letter ... ok
test tests::single_capital_letter_is_title_not_upper ... ok
test tests::title_apply_handles_multibyte_first_char_and_phrases ... ok
test tests::title_apply_handles_one_to_many_uppercase ... ok

test result: ok. 14 passed; 0 failed; 0 ignored; 0 measured; 0 filtered out; finished in 0.00s

     Running unittests src/lib.rs (target/debug/deps/thesaurus-25f75349c80493d9)

running 17 tests
test tests::case_applied_across_merged_senses ... ok
test tests::empty_and_whitespace_yield_nothing ... ok
test tests::case_is_applied_to_every_returned_synonym ... ok
test tests::excludes_the_queried_word_even_in_a_different_case ... ok
test tests::lookup_is_case_insensitive_and_preserves_query_case ... ok
test tests::member_query_returns_the_whole_group_in_table_order ... ok
test tests::merge_takes_new_member_after_a_mid_group_duplicate ... ok
test tests::multi_sense_query_sharp_merges_both_groups ... ok
test tests::multi_word_query_finds_nothing ... ok
test tests::punctuated_unknown_word_finds_nothing_without_panic ... ok
test tests::query_case_is_applied_to_synonyms ... ok
test tests::only_intentional_multi_sense_words_appear_in_more_than_one_group ... ok
test tests::synonyms_within_a_group_are_mutually_interchangeable ... ok
test tests::returns_other_group_members_excluding_the_word ... ok
test tests::unknown_word_has_no_synonyms ... ok
test tests::whitespace_is_trimmed ... ok
test tests::every_table_word_has_at_least_one_synonym ... ok

test result: ok. 17 passed; 0 failed; 0 ignored; 0 measured; 0 filtered out; finished in 0.00s

     Running unittests src/lib.rs (target/debug/deps/webconfig-be66293f1e45918f)

running 60 tests
test tests::a_sig_as_the_first_parameter_is_an_unknown_param_not_a_signature ... ok
test tests::an_unsigned_link_parses_as_unsigned_trust ... ok
test tests::a_signed_link_without_a_trusted_key_fails_closed ... ok
test tests::an_unsigned_link_still_parses_when_a_trusted_key_is_configured ... ok
test tests::app_scope_still_accepts_bundle_identifier_underscores ... ok
test tests::display_messages_carry_the_offending_token ... ok
test tests::boolean_values_are_strict_true_false_only ... ok
test tests::command_and_keys_are_case_sensitive ... ok
test tests::domain_rule_matches_subdomain_on_dot_boundary_only ... ok
test tests::domain_normalization_folds_case_and_one_dns_root_dot ... ok
test tests::domain_labels_enforce_the_dns_63_byte_limit ... ok
test tests::domain_scope_canonicalizes_case_and_a_dns_root_dot ... ok
test tests::duplicate_param_is_rejected_with_its_name ... ok
test tests::domain_scope_rejects_overly_broad_or_malformed_hosts ... ok
test tests::empty_query_and_bare_command_and_leading_amp_are_handled ... ok
test tests::from_hex_rejects_well_formed_hex_that_is_not_a_valid_point ... ok
test tests::a_tampered_signature_value_fails_verification ... ok
test tests::invalid_action_value_is_rejected ... ok
test tests::malformed_scope_is_rejected ... ok
test tests::missing_and_ambiguous_action_are_errors ... ok
test tests::missing_and_ambiguous_scope_are_errors ... ok
test tests::oversized_domain_scope_is_rejected ... ok
test tests::param_without_equals_is_rejected ... ok
test tests::param_order_is_irrelevant ... ok
test tests::a_malformed_signature_value_is_rejected_before_verification ... ok
test tests::a_signature_that_is_not_the_final_parameter_is_misplaced ... ok
test tests::parses_app_enable ... ok
test tests::parses_domain_scope ... ok
test tests::domain_with_two_char_tld_is_accepted ... ok
test tests::parses_each_action ... ok
test tests::prompt_decision_names_domain_scope_command ... ok
test tests::prompt_decision_names_every_action_across_both_scopes ... ok
test tests::prompt_decision_requires_confirmation_and_names_the_command ... ok
test tests::scope_charset_and_length_boundary ... ok
test tests::scope_rejects_non_ascii_confusable_homoglyphs ... ok
test tests::scope_rejects_query_fragment_metacharacters_and_control_chars ... ok
test tests::the_unsigned_parser_still_rejects_sig_as_unknown ... ok
test tests::sign_bearing_hex_is_malformed_not_merely_unverifiable ... ok
test tests::trailing_slash_on_command_is_tolerated ... ok
test tests::trusted_key_from_hex_rejects_malformed_input ... ok
test tests::split_trailing_signature_hands_the_verifier_the_exact_payload_prefix ... ok
test tests::trusted_key_from_hex_trims_surrounding_whitespace ... ok
test tests::unknown_param_fails_closed ... ok
test tests::unknown_command_is_rejected ... ok
test tests::trusted_key_rejects_sign_bearing_hex ... ok
test tests::wrong_scheme_is_rejected ... ok
test tests::verify_strict_rejects_low_order_key_that_plain_verify_would_accept ... ok
test tests::an_unsigned_link_may_omit_an_expiry_but_never_outlives_one ... ok
test tests::a_validly_signed_link_parses_as_signed_trust ... ok
test tests::a_signed_link_before_its_expiry_is_accepted ... ok
test tests::a_tampered_payload_fails_verification ... ok
test tests::a_signature_from_an_untrusted_signer_fails_verification ... ok
test tests::a_signed_link_without_an_expiry_is_rejected ... ok
test tests::a_tampered_scope_fails_verification ... ok
test tests::the_public_entry_points_read_the_system_clock ... ok
test tests::tampering_with_the_expiry_after_signing_fails_verification ... ok
test tests::a_valid_signature_over_a_malformed_payload_surfaces_the_parse_error ... ok
test tests::a_signed_link_is_rejected_once_its_expiry_has_passed ... ok
test tests::signed_link_rejects_scope_tampering_after_signature ... ok
test tests::a_malformed_expiry_value_is_rejected_as_malformed ... ok

test result: ok. 60 passed; 0 failed; 0 ignored; 0 measured; 0 filtered out; finished in 0.07s

     Running unittests examples/sign_link.rs (target/debug/examples/sign_link-9ed86aa8976625d0)

running 0 tests

test result: ok. 0 passed; 0 failed; 0 ignored; 0 measured; 0 filtered out; finished in 0.00s

==> [4/44] cargo test --locked -p app --all-targets -- --test-threads=1
warning: missing documentation for the crate
 --> vendor/llama-cpp-2/build.rs:1:1
  |
1 | / fn main() {
2 | |     if let Ok(dir) = std::env::var("DEP_LLAMA_BACKENDS_DIR") {
3 | |         println!("cargo:rustc-env=GGML_BACKENDS_DIR={}", dir);
4 | |     }
5 | | }
  | |_^
  |
  = note: requested on the command line with `-W missing-docs`

warning: `llama-cpp-2` (build script) generated 1 warning
warning: use of deprecated enum `model::Special`: This enum is a mixture of options for llama cpp providing less flexibility it only used with deprecated methods and will be removed in the future.
   --> vendor/llama-cpp-2/src/model.rs:265:18
    |
265 |         special: Special,
    |                  ^^^^^^^
    |
    = note: `#[warn(deprecated)]` on by default

warning: use of deprecated unit variant `model::Special::Tokenize`: This enum is a mixture of options for llama cpp providing less flexibility it only used with deprecated methods and will be removed in the future.
   --> vendor/llama-cpp-2/src/model.rs:272:40
    |
272 |             matches!(special, Special::Tokenize),
    |                                        ^^^^^^^^

warning: use of deprecated enum `model::Special`: This enum is a mixture of options for llama cpp providing less flexibility it only used with deprecated methods and will be removed in the future.
   --> vendor/llama-cpp-2/src/model.rs:290:18
    |
290 |         special: Special,
    |                  ^^^^^^^

warning: use of deprecated unit variant `model::Special::Tokenize`: This enum is a mixture of options for llama cpp providing less flexibility it only used with deprecated methods and will be removed in the future.
   --> vendor/llama-cpp-2/src/model.rs:293:78
    |
293 |         match self.token_to_piece_bytes(token, 8, matches!(special, Special::Tokenize), None) {
    |                                                                              ^^^^^^^^

warning: use of deprecated unit variant `model::Special::Tokenize`: This enum is a mixture of options for llama cpp providing less flexibility it only used with deprecated methods and will be removed in the future.
   --> vendor/llama-cpp-2/src/model.rs:297:44
    |
297 |                 matches!(special, Special::Tokenize),
    |                                            ^^^^^^^^

warning: use of deprecated enum `model::Special`: This enum is a mixture of options for llama cpp providing less flexibility it only used with deprecated methods and will be removed in the future.
   --> vendor/llama-cpp-2/src/model.rs:316:18
    |
316 |         special: Special,
    |                  ^^^^^^^

warning: use of deprecated unit variant `model::Special::Tokenize`: This enum is a mixture of options for llama cpp providing less flexibility it only used with deprecated methods and will be removed in the future.
   --> vendor/llama-cpp-2/src/model.rs:322:81
    |
322 |             .map(|t| self.token_to_piece_bytes(t, 8, matches!(special, Special::Tokenize), None))
    |                                                                                 ^^^^^^^^

warning: use of deprecated enum `model::Special`: This enum is a mixture of options for llama cpp providing less flexibility it only used with deprecated methods and will be removed in the future.
   --> vendor/llama-cpp-2/src/model.rs:532:18
    |
532 |         special: Special,
    |                  ^^^^^^^

warning: use of deprecated unit variant `model::Special::Tokenize`: This enum is a mixture of options for llama cpp providing less flexibility it only used with deprecated methods and will be removed in the future.
   --> vendor/llama-cpp-2/src/model.rs:537:40
    |
537 |             matches!(special, Special::Tokenize),
    |                                        ^^^^^^^^

warning: use of deprecated enum `model::Special`: This enum is a mixture of options for llama cpp providing less flexibility it only used with deprecated methods and will be removed in the future.
   --> vendor/llama-cpp-2/src/model.rs:562:18
    |
562 |         special: Special,
    |                  ^^^^^^^

warning: use of deprecated unit variant `model::Special::Tokenize`: This enum is a mixture of options for llama cpp providing less flexibility it only used with deprecated methods and will be removed in the future.
   --> vendor/llama-cpp-2/src/model.rs:581:22
    |
581 |             Special::Tokenize => true,
    |                      ^^^^^^^^

warning: use of deprecated unit variant `model::Special::Plaintext`: This enum is a mixture of options for llama cpp providing less flexibility it only used with deprecated methods and will be removed in the future.
   --> vendor/llama-cpp-2/src/model.rs:582:22
    |
582 |             Special::Plaintext => false,
    |                      ^^^^^^^^^

warning: missing documentation for a variant
   --> vendor/llama-cpp-2/src/model.rs:149:5
    |
149 |     Norm,
    |     ^^^^
    |
    = note: requested on the command line with `-W missing-docs`

warning: missing documentation for a variant
   --> vendor/llama-cpp-2/src/model.rs:150:5
    |
150 |     NeoX,
    |     ^^^^

warning: missing documentation for a variant
   --> vendor/llama-cpp-2/src/model.rs:151:5
    |
151 |     MRope,
    |     ^^^^^

warning: missing documentation for a variant
   --> vendor/llama-cpp-2/src/model.rs:152:5
    |
152 |     Vision,
    |     ^^^^^^

warning: `llama-cpp-2` (lib) generated 16 warnings
   Compiling app v0.1.6 (/home/mudrii/src/compme/crates/app)
    Finished `test` profile [unoptimized + debuginfo] target(s) in 1.71s
     Running unittests src/lib.rs (target/debug/deps/app-a1d74d9e6e8109b6)

running 0 tests

test result: ok. 0 passed; 0 failed; 0 ignored; 0 measured; 0 filtered out; finished in 0.00s

     Running unittests src/main.rs (target/debug/deps/compme-628ec251f0843554)

running 649 tests
test about::tests::about_text_states_version_license_telemetry_repo_and_acks ... ok
test adapter::tests::shared_adapter_forwards_caret_rect_not_popup_anchor ... ok
test adapter::tests::shared_adapter_forwards_correction_range_methods_instead_of_inheriting_defaults ... ok
test adapter::tests::shared_adapter_forwards_focused_page_url_instead_of_inheriting_default ... ok
test adapter::tests::shared_adapter_forwards_popup_anchor_instead_of_inheriting_default ... ok
test adapter::tests::shared_adapter_forwards_replace_left_through_insert_replacing ... ok
test builders::tests::discover_downloaded_model_picks_newest_valid_gguf ... ok
test builders::tests::downloaded_model_adoption_uses_configured_file_validity ... ok
test builders::tests::instruction_suffix_folds_non_ascii_to_underscore ... ok
test builders::tests::layered_lookup_prefers_env_then_file_then_none ... ok
test builders::tests::model_download_dest_parent_failure_is_reported ... ok
test builders::tests::model_download_ram_block_message_blocks_only_below_minimum ... ok
test builders::tests::no_collect_apps_env_parses_into_per_app_collect_overrides ... ok
test builders::tests::per_app_feature_lists_parse_with_off_winning_conflicts ... ok
test builders::tests::personalization_built_from_config_keys ... ok
test builders::tests::personalization_built_from_per_app_and_domain_config_keys ... ok
test builders::tests::personalization_defaults_to_no_steer_when_keys_absent ... ok
test builders::tests::personalization_per_domain_steers_a_subdomain_through_the_assembled_profile ... ok
test builders::tests::personalization_rejects_duplicate_canonical_domain_targets ... ok
test builders::tests::personalization_skips_ambiguous_per_target_instruction_keys ... ok
test builders::tests::personalization_skips_blank_per_target_instruction_values ... ok
test builders::tests::prefs_builds_web_override_policy_from_config_lists ... ok
test builders::tests::prefs_built_from_excluded_apps_list ... ok
test builders::tests::prefs_default_enabled_fails_safe ... ok
test builders::tests::sender_email_is_parsed_into_profile_and_templated_into_preamble ... ok
test builders::tests::show_models_folder_creates_then_reveals_the_exact_directory ... ok
test builders::tests::show_models_folder_propagates_create_failure_without_revealing ... ok
test builders::tests::skin_tone_index_round_trips_all_variants_and_clamps_oob ... ok
test builders::tests::strength_falls_back_to_default_when_compme_strength_is_unparseable ... ok
test builders::tests::validate_gguf_model_accepts_gguf_magic_and_rejects_the_rest ... ok
test config::tests::a_persisted_quote_wrapped_value_round_trips_with_its_quotes ... ok
test config::tests::atomic_write_creates_owner_only_dir_and_file ... ok
test config::tests::atomic_write_leaves_target_intact_on_failed_rename ... ok
test config::tests::atomic_write_never_follows_a_precreated_temp_symlink ... ok
test config::tests::atomic_write_preserves_perms_of_a_pre_existing_dir ... ok
test config::tests::atomic_write_rejects_a_group_writable_parent_before_temp_creation ... ok
test config::tests::atomic_write_rejects_a_parentless_path ... ok
test config::tests::atomic_write_retries_collision_without_touching_the_stale_file ... ok
test config::tests::basename_persist_setting_survives_reload_in_child_cwd ... ok
test config::tests::clamped_enforces_bounds ... ok
test config::tests::clamped_parses_valid_value ... ok
test config::tests::clamped_uses_default_when_absent ... ok
test config::tests::clamped_uses_default_when_unparseable ... ok
test config::tests::concurrent_directory_creator_is_never_mistaken_for_our_owned_directory ... ok
test config::tests::config_file_path_covers_all_branches ... ok
test config::tests::config_override_wins_on_every_os ... ok
test config::tests::config_path_linux_falls_back_to_dot_config ... ok
test config::tests::config_path_linux_prefers_xdg_config_home ... ok
test config::tests::config_path_macos_uses_application_support ... ok
test config::tests::config_path_none_when_home_env_is_empty ... ok
test config::tests::config_path_none_without_required_home ... ok
test config::tests::config_path_windows_uses_appdata ... ok
test config::tests::escaped_prefix_value_round_trips_without_being_stripped ... ok
test config::tests::escaped_prefix_values_are_never_unquoted ... ok
test config::tests::failed_atomic_rename_cleans_its_unique_scratch ... ok
test config::tests::failed_hardening_never_removes_nonempty_owned_directory ... ok
test config::tests::failed_hardening_removes_empty_owned_directory_so_retry_can_harden ... ok
test config::tests::first_equals_splits_so_value_may_contain_equals ... ok
test config::tests::ignores_comments_and_blank_lines ... ok
test config::tests::instance_lock_creates_owner_only_parent_and_file ... ok
test config::tests::instance_lock_preserves_preexisting_directory_mode_but_hardens_file ... ok
test config::tests::leaves_a_quote_inside_a_value_untouched ... ok
test config::tests::leaves_legacy_backslash_values_literal ... ok
test config::tests::load_file_map_missing_file_is_empty ... ok
test config::tests::load_file_map_propagates_an_unreadable_existing_config ... ok
test config::tests::load_file_map_reads_and_parses_a_file ... ok
test config::tests::models_dir_honors_config_override_without_home ... ok
test config::tests::parses_explicitly_escaped_multiline_values ... ok
test config::tests::parses_simple_pairs ... ok
test config::tests::persist_setting_creates_updates_and_survives_reload ... ok
test config::tests::persist_setting_never_rewrites_a_config_it_could_not_read ... ok
test config::tests::remove_env_file_key_drops_only_the_target_line ... ok
test config::tests::remove_setting_clears_key_and_no_ops_when_absent_or_missing ... ok
test config::tests::single_instance_lock_excludes_a_second_holder_until_released ... ok
test config::tests::skips_lines_without_equals_or_empty_key ... ok
test config::tests::strips_one_pair_of_surrounding_quotes_from_a_file_value ... ok
test config::tests::trims_whitespace_around_key_and_value ... ok
test config::tests::update_appends_a_missing_key_as_a_final_line ... ok
test config::tests::update_escapes_multiline_values_so_they_reload_as_one_setting ... ok
test config::tests::update_leaves_comments_mentioning_the_key_untouched ... ok
test config::tests::update_matches_a_key_padded_with_whitespace ... ok
test config::tests::update_normalizes_crlf_input_to_lf ... ok
test config::tests::update_replaces_the_value_in_place_preserving_everything_else ... ok
test config::tests::update_rewrites_every_duplicate_of_the_key ... ok
test feature_policy::tests::app_allows_suggestions_follows_the_compat_tier_and_assistant_flag ... ok
test feature_policy::tests::code_like_context_flags_each_marker_and_passes_prose ... ok
test feature_policy::tests::code_like_context_only_inspects_the_last_120_chars ... ok
test feature_policy::tests::emoji_offer_needs_prefs_and_a_trailing_shortcode ... ok
test feature_policy::tests::full_autocorrect_gates_short_circuit_before_the_spell_check ... ok
test feature_policy::tests::full_autocorrect_offers_a_validated_correction_for_the_trailing_word ... ok
test feature_policy::tests::full_autocorrect_rejects_unusable_words_and_corrections ... ok
test feature_policy::tests::local_replacement_honors_enabled_gates_and_per_app_overrides ... ok
test feature_policy::tests::replacement_offer_priority_is_emoji_typo_pronoun_british_thesaurus ... ok
test feature_policy::tests::selection_thesaurus_builds_an_exact_range_for_one_selected_word ... ok
test feature_policy::tests::selection_thesaurus_closes_on_every_gate ... ok
test feature_policy::tests::suggestion_gates_combine_tier_terminal_heuristic_and_prefs ... ok
test feature_policy::tests::trailing_word_takes_the_alphabetic_run_at_the_end ... ok
test inference::tests::a_warmed_worker_is_neither_degraded_nor_failed ... compme: inference worker started
compme: state=loading
compme: state=ready
compme: inference worker exited
ok
test inference::tests::blocked_native_call_selects_forced_exit_policy_at_deadline ... compme: inference worker started
compme: state=loading
compme: state=ready
compme: inference worker exited
ok
test inference::tests::clipboard_context_is_prepended_when_set ... compme: inference worker started
compme: state=loading
compme: state=ready
compme: inference worker exited
ok
test inference::tests::complete_error_is_non_fatal_worker_keeps_serving ... compme: inference worker started
compme: state=loading
compme: state=ready
compme: inference error: infer failed: nope
compme: inference worker exited
ok
test inference::tests::completes_a_request_with_the_model ... compme: inference worker started
compme: state=loading
compme: state=ready
compme: inference worker exited
ok
test inference::tests::context_diagnostic_line_parses_every_source_the_builder_emits ... ok
test inference::tests::context_disabled_prepends_nothing ... compme: inference worker started
compme: state=loading
compme: state=ready
compme: inference worker exited
ok
test inference::tests::cross_app_history_does_not_collect_while_the_opt_in_is_off ... ok
test inference::tests::cross_app_previous_input_context_is_explicitly_opt_in ... ok
test inference::tests::diagnostic_context_line_accounts_for_an_unknown_source ... ok
test inference::tests::diagnostic_context_line_reports_sources_without_context_text ... ok
test inference::tests::diagnostic_context_line_skips_the_reference_header ... ok
test inference::tests::disabling_cross_app_context_clears_only_the_global_ring ... ok
test inference::tests::duplicate_inputs_are_unique_and_refresh_recency ... ok
test inference::tests::grammar_complete_error_emits_no_outcome_and_worker_keeps_serving ... compme: inference worker started
compme: state=loading
compme: state=ready
compme: grammar inference error: grammar failed: nope
compme: inference worker exited
ok
test inference::tests::grammar_fix_rejected_output_returns_no_correction ... compme: inference worker started
compme: state=loading
compme: state=ready
compme: inference worker exited
ok
test inference::tests::grammar_fix_rejected_outputs_emit_no_correction_for_all_vet_classes ... compme: inference worker started
compme: state=loading
compme: state=ready
compme: inference worker exited
compme: inference worker started
compme: state=loading
compme: state=ready
compme: inference worker exited
compme: inference worker started
compme: state=loading
compme: state=ready
compme: inference worker exited
compme: inference worker started
compme: state=loading
compme: state=ready
compme: inference worker exited
compme: inference worker started
compme: state=loading
compme: state=ready
compme: inference worker exited
ok
test inference::tests::grammar_fix_request_bypasses_screen_wait_context_personalization_and_complete_n ... compme: inference worker started
compme: state=loading
compme: state=ready
compme: inference worker exited
ok
test inference::tests::grammar_fix_request_preserves_range_and_vets_model_output ... compme: inference worker started
compme: state=loading
compme: state=ready
compme: inference worker exited
ok
test inference::tests::matching_screen_text_requires_snapshot_not_just_generation ... ok
test inference::tests::panicking_worker_records_failed_health_and_rejects_later_submissions ... compme: inference worker started
compme: state=loading
compme: state=ready
compme: inference worker panicked
ok
test inference::tests::per_app_personalization_uses_request_app ... compme: inference worker started
compme: state=loading
compme: state=ready
compme: inference worker exited
ok
test inference::tests::per_domain_missing_domain_falls_back_to_global ... compme: inference worker started
compme: state=loading
compme: state=ready
compme: inference worker exited
ok
test inference::tests::per_domain_personalization_uses_request_domain ... compme: inference worker started
compme: state=loading
compme: state=ready
compme: inference worker exited
ok
test inference::tests::personalization_preamble_is_prepended_before_the_model_sees_the_prompt ... compme: inference worker started
compme: state=loading
compme: state=ready
compme: inference worker exited
ok
test inference::tests::poisoned_profile_lock_still_lets_set_profile_and_the_worker_degrade_not_panic ... compme: inference worker started
compme: state=loading
compme: state=ready
compme: inference worker exited
ok
test inference::tests::previous_input_context_is_prepended_when_enabled ... compme: inference worker started
compme: state=loading
compme: state=ready
compme: inference worker exited
ok
test inference::tests::previous_inputs_are_scoped_per_app ... ok
test inference::tests::previous_inputs_record_ignores_whitespace_only_text ... ok
test inference::tests::previous_inputs_record_redacts_before_prompt_context ... compme: inference worker started
compme: state=loading
compme: state=ready
compme: inference worker exited
ok
test inference::tests::previous_inputs_ring_is_bounded_newest_first ... ok
test inference::tests::raw_mode_passes_the_prompt_through_unchanged ... compme: inference worker started
compme: state=loading
compme: state=ready
compme: inference worker exited
ok
test inference::tests::ready_flips_after_warm_up ... compme: inference worker started
compme: state=loading
compme: state=ready
compme: inference worker exited
ok
test inference::tests::recv_latest_coalesces_a_burst ... ok
test inference::tests::recv_latest_drains_superseded_requests ... ok
test inference::tests::recv_latest_returns_none_when_sender_dropped ... ok
test inference::tests::refreshed_cross_app_entry_does_not_consume_an_extra_capacity_slot ... ok
test inference::tests::requested_candidate_count_flows_to_the_model ... compme: inference worker started
compme: state=loading
compme: state=ready
compme: inference worker exited
ok
test inference::tests::same_app_duplicate_after_another_app_refreshes_cross_app_recency ... ok
test inference::tests::screen_context_is_not_reused_for_newer_same_field_request ... compme: inference worker started
compme: state=loading
compme: state=ready
compme: inference worker exited
ok
test inference::tests::screen_context_is_prepended_when_set ... compme: inference worker started
compme: state=loading
compme: state=ready
compme: inference worker exited
ok
test inference::tests::screen_context_is_scoped_to_the_request_field ... compme: inference worker started
compme: state=loading
compme: state=ready
compme: inference worker exited
ok
test inference::tests::screen_context_wait_can_be_enabled_after_worker_spawn ... compme: inference worker started
compme: state=loading
compme: state=ready
compme: inference worker exited
ok
test inference::tests::screen_context_wait_is_bounded_when_matching_ocr_is_late ... compme: inference worker started
compme: state=loading
compme: state=ready
compme: inference worker exited
ok
test inference::tests::screen_context_waits_for_matching_same_request_ocr ... compme: inference worker started
compme: state=loading
compme: state=ready
compme: inference worker exited
ok
test inference::tests::screen_wait_coalesces_a_prequeued_burst_to_newest ... ok
test inference::tests::screen_wait_returns_none_on_channel_disconnect ... ok
test inference::tests::screen_wait_switches_to_newer_grammar_request_without_waiting_for_ocr ... ok
test inference::tests::screen_wait_switches_to_newer_request_before_building_context ... ok
test inference::tests::seed_if_empty_keeps_the_newest_records_when_the_store_exceeds_capacity ... ok
test inference::tests::seed_if_empty_leaves_no_ring_behind_for_an_all_blank_read ... ok
test inference::tests::seed_if_empty_never_touches_the_cross_app_ring ... ok
test inference::tests::seed_if_empty_refuses_an_app_that_already_has_history ... ok
test inference::tests::seed_if_empty_replays_stored_records_newest_first ... ok
test inference::tests::set_profile_live_reloads_what_the_worker_steers_with ... compme: inference worker started
compme: state=loading
compme: state=ready
compme: inference worker exited
ok
test inference::tests::set_profile_steers_without_triggering_a_request ... compme: inference worker started
compme: state=loading
compme: state=ready
compme: inference worker exited
ok
test inference::tests::shutdown_cancels_generation_skips_queued_work_and_tears_down_within_bound ... compme: inference worker started
compme: state=loading
compme: state=ready
compme: inference worker exited
ok
test inference::tests::shutdown_without_work_joins_cleanly ... compme: inference worker started
compme: state=loading
compme: inference worker exited
ok
test inference::tests::stopped_acknowledgement_waits_for_model_shutdown_to_return ... compme: inference worker started
compme: state=loading
compme: inference worker exited
ok
test inference::tests::submit_returns_false_when_worker_request_channel_is_closed ... ok
test inference::tests::terse_mode_wraps_the_prompt_before_the_model_sees_it ... compme: inference worker started
compme: state=loading
compme: state=ready
compme: inference worker exited
ok
test inference::tests::unavailable_handle_fails_closed_and_drops_cleanly ... ok
test inference::tests::unavailable_inference_is_not_ready_and_rejects_submissions ... ok
test inference::tests::warm_up_failure_is_non_fatal ... compme: inference worker started
compme: state=loading
compme: warm-up failed: warm-up failed: boom
compme: state=ready
compme: inference worker exited
ok
test inference::tests::worker_breaks_out_of_serve_loop_when_outcome_receiver_is_dropped ... compme: state=loading
compme: state=ready
ok
test inference::tests::worker_calls_model_shutdown_on_graceful_channel_close ... compme: state=loading
compme: state=ready
ok
test inference::tests::zero_configured_candidates_is_clamped_before_calling_the_model ... compme: inference worker started
compme: state=loading
compme: state=ready
compme: inference worker exited
ok
test model_picker::tests::model_menu_titles_suffix_each_row_with_its_ram_verdict ... ok
test model_picker::tests::recommended_index_points_at_recommended ... ok
test model_picker::tests::selected_entry_resolves_in_range_and_falls_back_out_of_range ... ok
test model_select::tests::load_model_builds_working_stub ... ok
test model_select::tests::load_model_rejects_missing_llama_path_before_backend_spawn ... ok
test model_select::tests::prompt_mode_defaults_to_terse ... ok
test model_select::tests::prompt_mode_raw_opts_out ... ok
test model_select::tests::resolve_prefers_stub_when_present ... ok
test model_select::tests::resolve_uses_llama_path_without_stub ... ok
test model_select::tests::shape_prompt_preamble_precedes_the_terse_body ... ok
test model_select::tests::shape_prompt_prepends_a_nonempty_preamble ... ok
test model_select::tests::stub_returns_fixed_completion_ignoring_prompt ... ok
test model_select::tests::stub_warm_up_is_ok ... ok
test model_select::tests::terse_mode_wraps_prefix_raw_mode_passes_through ... ok
test run_loop::tests::a_declined_prompt_rejects_the_link_and_leaves_prefs_untouched ... ok
test run_loop::tests::a_duplicate_instance_exits_gracefully_without_startup_side_effects ... ok
test run_loop::tests::accept_commit_status_distinguishes_cleanup_from_insert_failure ... ok
test run_loop::tests::accept_key_config_parses_keycodes_and_rejects_junk ... ok
test run_loop::tests::accept_subscription_observes_startup_shortcuts_before_installing ... ok
test run_loop::tests::accept_word_count_is_at_least_one ... ok
test run_loop::tests::accepted_browser_text_is_persisted_under_its_resolved_domain ... ok
test run_loop::tests::accepted_only_does_not_record_monitored_typing ... ok
test run_loop::tests::acquiring_the_instance_lock_runs_startup_side_effects_once_and_proceeds ... ok
test run_loop::tests::all_monitored_browser_domains_use_fresh_cached_domain_rules ... ok
test run_loop::tests::all_monitored_buffers_char_by_char_text_until_redactable_boundary ... ok
test run_loop::tests::all_monitored_records_first_typed_text_after_empty_baseline ... ok
test run_loop::tests::all_monitored_records_typed_field_text_after_established_baseline ... ok
test run_loop::tests::an_explicit_env_key_takes_precedence_over_the_keychain ... ok
test run_loop::tests::app_disable_arms_map_to_the_right_prefs_mutation ... ok
test run_loop::tests::app_enabled_baseline_reads_override_then_default ... ok
test run_loop::tests::apply_global_disable_maps_arms_to_snooze_or_persistent_off ... ok
test run_loop::tests::apply_settings_commands_launch_at_login_rejection_restores_the_ui_atomic ... ok
test run_loop::tests::apply_settings_commands_persists_switches_and_dismisses_on_off_edges ... ok
test run_loop::tests::apply_settings_commands_screen_context_denial_reverts_flag_and_mirror ... ok
test run_loop::tests::apps_delete_phases_failed_delete_preserve_volatile_state ... ok
test run_loop::tests::apps_domain_delete_phase_blank_domain_or_missing_store_never_prompts ... ok
test run_loop::tests::apps_domain_delete_phase_cancel_keeps_every_record_and_live_state ... ok
test run_loop::tests::apps_domain_delete_phase_confirmed_erases_that_domain_across_apps_and_live_state ... ok
test run_loop::tests::apps_edit_dismisses_only_focused_app_on_enable_off_edge ... ok
test run_loop::tests::apps_erase_all_phase_also_drops_the_live_prompt_rings ... ok
test run_loop::tests::apps_erase_all_phase_confirmed_empties_the_store_and_recomposes ... ok
test run_loop::tests::apps_erase_all_phase_declined_keeps_every_record ... ok
test run_loop::tests::apps_erase_all_phase_does_not_flush_text_buffered_before_erase ... ok
test run_loop::tests::apps_erase_all_phase_unarmed_or_storeless_never_prompts ... ok
test run_loop::tests::apps_pane_lines_render_counts_or_status ... ok
test run_loop::tests::apps_policy_bits_resolve_per_app_overrides_in_checkbox_order ... ok
test run_loop::tests::apps_policy_field_index_maps_in_checkbox_order ... ok
test run_loop::tests::apps_row_delete_phase_also_drops_that_apps_live_ring ... ok
test run_loop::tests::apps_row_delete_phase_cancel_keeps_every_row ... ok
test run_loop::tests::apps_row_delete_phase_confirmed_deletes_the_row_and_recomposes ... ok
test run_loop::tests::apps_row_delete_phase_does_not_flush_deleted_apps_buffered_text ... ok
test run_loop::tests::apps_row_delete_phase_stale_row_or_missing_store_never_prompts ... ok
test run_loop::tests::apps_row_ids_align_with_the_rendered_lines ... ok
test run_loop::tests::apps_row_policy_edit_phase_disabling_the_focused_app_dismisses ... ok
test run_loop::tests::apps_row_policy_edit_phase_ignores_stale_row_or_field ... ok
test run_loop::tests::apps_row_policy_edit_phase_writes_the_override_and_persists ... ok
test run_loop::tests::autocorrect_and_british_off_by_default ... ok
test run_loop::tests::autocorrect_persist_value_round_trips_through_the_parser ... ok
test run_loop::tests::auxiliary_context_is_prepared_before_submitting_the_request ... ok
test run_loop::tests::auxiliary_context_off_clears_stale_clipboard_and_skips_screen_submission ... ok
test run_loop::tests::blocked_request_log_line_reports_gate_metadata_without_prompt_text ... ok
test run_loop::tests::browser_domain_rule_without_fresh_domain_blocks_replacement_offer ... ok
test run_loop::tests::browser_navigation_never_carries_a_monitored_buffer_into_the_new_domain ... ok
test run_loop::tests::buffered_monitored_text_drops_orphaned_prior_generation_buffer ... ok
test run_loop::tests::build_settings_flags_mirrors_config_fields ... ok
test run_loop::tests::cached_domain_guards_on_the_app_it_was_read_under ... ok
test run_loop::tests::candidate_count_parses_and_clamps ... ok
test run_loop::tests::canonicalize_field_app_replaces_volatile_pid_app_with_bundle_id ... ok
test run_loop::tests::canonicalize_field_app_returns_stable_fallback_key_on_resolver_miss ... ok
test run_loop::tests::caret_event_with_failing_context_read_still_establishes_the_current_field ... ok
test run_loop::tests::catalog_download_request_threads_the_entry_hash_to_the_verifier ... ok
test run_loop::tests::clipboard_and_screen_context_flags_default_off ... ok
test run_loop::tests::clipboard_diagnostic_reports_marker_without_raw_text ... ok
test run_loop::tests::clipboard_enabled_but_empty_clears_the_stale_cell ... ok
test run_loop::tests::coalesce_collapses_adjacent_same_field_carets_to_the_last ... ok
test run_loop::tests::coalesce_collapses_only_within_runs ... ok
test run_loop::tests::coalesce_does_not_cross_a_focus_event ... ok
test run_loop::tests::coalesce_does_not_cross_an_accept_event ... ok
test run_loop::tests::coalesce_empty_drain_is_empty ... ok
test run_loop::tests::coalesce_keeps_a_lone_caret ... ok
test run_loop::tests::coalesce_keeps_carets_for_different_fields ... ok
test run_loop::tests::coalesce_passes_non_caret_events_through ... ok
test run_loop::tests::collection_disabled_skips_both_recording_sinks ... ok
test run_loop::tests::collection_off_drops_partial_monitored_buffer_before_reenable ... ok
test run_loop::tests::comma_list_trims_and_drops_empties_and_sorted_join_orders ... ok
test run_loop::tests::committed_cleanup_failure_records_context_memory_and_accept_stats_once ... ok
test run_loop::tests::completion_outcome_log_line_never_includes_candidate_text ... ok
test run_loop::tests::config_enabled_reads_compme_enabled_and_defaults_on ... ok
test run_loop::tests::config_parses_grammar_check_and_grammar_accept_keys ... ok
test run_loop::tests::config_parses_license_accepted_from_lookup ... ok
test run_loop::tests::config_parses_toggle_shortcut_keys_and_maps_them_to_their_own_bindings ... ok
test run_loop::tests::configured_all_monitored_store_persists_redacted_inserted_deltas_only ... ok
test run_loop::tests::context_bound_lifts_zero_only_when_an_auxiliary_source_is_active ... ok
test run_loop::tests::context_max_chars_parsing_is_off_by_default_and_fail_safe ... ok
test run_loop::tests::context_max_chars_treats_falsy_words_and_blank_values_as_off ... ok
test run_loop::tests::context_toggle_off_clears_clipboard_screen_worker_and_wait ... ok
test run_loop::tests::correction_accept_absorbs_app_normalized_readback_as_caret_move ... ok
test run_loop::tests::correction_accept_absorbs_exact_range_echo_and_records_stats ... ok
test run_loop::tests::cross_app_previous_inputs_persist_value_round_trips_through_the_parser ... ok
test run_loop::tests::current_app_actions_use_canonical_fallback_when_pid_lookup_fails ... ok
test run_loop::tests::deep_links_apply_overrides_and_fail_closed ... ok
test run_loop::tests::degraded_inference_worker_surfaces_model_unavailable_instead_of_ready ... ok
test run_loop::tests::degraded_startup_subscriptions_keep_runtime_permission_blocked ... ok
test run_loop::tests::delete_app_row_resolves_against_ids_and_recomposes_together ... ok
test run_loop::tests::diag_coords_enabled_by_one_or_true ... ok
test run_loop::tests::disabled_emoji_preserves_persisted_skin_tone_for_later_enable ... ok
test run_loop::tests::disabling_cross_app_with_per_app_context_off_removes_recent_from_worker_block ... ok
test run_loop::tests::dismiss_only_on_enabled_to_disabled_edge ... ok
test run_loop::tests::dismiss_records_a_dismissed_outcome_only_while_a_ghost_is_visible ... ok
test run_loop::tests::domain_cache_entry_pairs_browser_app_with_extracted_host ... ok
test run_loop::tests::domain_from_url_extracts_lowercased_host_without_port ... ok
test run_loop::tests::domain_miss_notice_fires_at_threshold_not_before ... ok
test run_loop::tests::domain_miss_notice_is_one_shot_per_process ... ok
test run_loop::tests::domain_miss_notice_never_fires_without_rules ... ok
test run_loop::tests::domain_miss_notice_rules_added_mid_streak_fire_immediately ... ok
test run_loop::tests::domain_miss_notice_rules_removed_mid_streak_suppress_then_restore_fires ... ok
test run_loop::tests::domain_miss_notice_success_resets_the_streak ... ok
test run_loop::tests::domain_observation_enabled_fires_on_either_consumer ... ok
test run_loop::tests::download_click_on_present_model_does_not_hash_on_run_loop_thread ... ok
test run_loop::tests::download_idle_blocks_only_an_in_flight_download ... ok
test run_loop::tests::download_log_transition_emits_path_hint_on_running_to_done ... ok
test run_loop::tests::download_log_transitions_log_each_stage_exactly_once ... ok
test run_loop::tests::drain_deep_links_phase_applies_a_confirmed_link_and_persists_overrides ... ok
test run_loop::tests::drain_deep_links_phase_declined_or_malformed_links_change_nothing ... ok
test run_loop::tests::drain_settings_edges_defers_the_os_backed_mirrors_to_apply ... ok
test run_loop::tests::drain_settings_edges_emoji_switch_preserves_prefs_and_reports_popup_values ... ok
test run_loop::tests::drain_settings_edges_flips_pure_switch_mirrors_and_emits_commands_in_order ... ok
test run_loop::tests::drain_settings_edges_is_quiet_when_no_flag_moved ... ok
test run_loop::tests::drain_settings_edges_midline_command_carries_the_resolved_app_gate ... ok
test run_loop::tests::effective_app_key_blocks_submit_with_canonical_fallback ... ok
test run_loop::tests::effective_app_key_falls_back_to_canonical_field_app ... ok
test run_loop::tests::emoji_and_memory_config_synonyms_map_to_the_right_variant ... ok
test run_loop::tests::emoji_config_off_by_default_and_parses_prefs_when_enabled ... ok
test run_loop::tests::emoji_edges_with_unchanged_index_never_invalidate_the_visible_suggestion ... ok
test run_loop::tests::emoji_gender_change_persists_saved_prefs_while_emoji_disabled ... ok
test run_loop::tests::emoji_gender_edge_applies_config_and_persists_only_on_change ... ok
test run_loop::tests::emoji_gender_edge_invalidates_stale_visible_suggestion ... ok
test run_loop::tests::emoji_persist_value_round_trips_through_the_parser ... ok
test run_loop::tests::emoji_skin_tone_change_persists_saved_prefs_while_emoji_disabled ... ok
test run_loop::tests::emoji_skin_tone_edge_applies_config_and_persists_only_on_change ... ok
test run_loop::tests::emoji_skin_tone_edge_invalidates_stale_visible_suggestion ... ok
test run_loop::tests::emoji_switch_edge_applies_config_and_persists_only_on_change ... ok
test run_loop::tests::emoji_toggle_preserves_custom_prefs_within_the_session ... ok
test run_loop::tests::empty_environment_uses_defaults ... ok
test run_loop::tests::empty_stub_completion_is_treated_as_unset ... ok
test run_loop::tests::enqueue_deep_link_bounds_queue_fifo_and_rejects_oversize ... ok
test run_loop::tests::env_shadow_warnings_name_only_set_switch_keys ... ok
test run_loop::tests::env_shadow_warns_when_emoji_gender_env_shadows_persisted_setting ... ok
test run_loop::tests::excluded_apps_gate_blocks_suggestions ... ok
test run_loop::tests::failed_accept_records_no_context_memory_or_accept_stats ... ok
test run_loop::tests::failed_inference_worker_surfaces_model_unavailable_instead_of_loading ... ok
test run_loop::tests::first_selected_snapshot_can_offer_even_when_the_tracker_calls_it_typed ... ok
test run_loop::tests::focus_caret_accept_and_dismiss_clear_pending_requests ... ok
test run_loop::tests::force_activate_parses_documented_key_and_legacy_alias ... ok
test run_loop::tests::full_accept_collects_cross_app_history_only_while_the_opt_in_is_on ... ok
test run_loop::tests::full_accept_previous_input_is_redacted_once_at_the_ring_boundary ... ok
test run_loop::tests::full_accept_records_to_both_sinks_under_a_resolved_bundle_id ... ok
test run_loop::tests::full_accept_under_a_volatile_pid_key_records_nothing ... ok
test run_loop::tests::full_accept_with_context_disabled_still_records_to_memory ... ok
test run_loop::tests::full_autocorrect_off_or_code_context_never_calls_the_os_checker ... ok
test run_loop::tests::full_autocorrect_offers_one_atomic_word_in_prose_and_assistant_fields ... ok
test run_loop::tests::full_autocorrect_persist_value_round_trips_through_the_parser ... ok
test run_loop::tests::full_autocorrect_rejects_identical_multiword_and_disabled_app_results ... ok
test run_loop::tests::general_autocorrect_settings_edge_applies_live_and_persists_once ... ok
test run_loop::tests::grammar_accept_action_routes_to_accept_correction_not_full ... ok
test run_loop::tests::grammar_accept_rebind_persists_compme_grammar_accept_key ... ok
test run_loop::tests::grammar_capitalizes_standalone_i_under_the_autocorrect_gate ... ok
test run_loop::tests::grammar_check_shortcut_blocked_after_read_clears_pending_completion ... ok
test run_loop::tests::grammar_check_shortcut_blocks_policy_before_read_context ... ok
test run_loop::tests::grammar_check_shortcut_later_failed_press_drops_stale_manual_request ... ok
test run_loop::tests::grammar_check_shortcut_non_armed_error_drops_stale_manual_without_completion_clear ... ok
test run_loop::tests::grammar_check_shortcut_not_armed_clears_pending_completion ... ok
test run_loop::tests::grammar_check_shortcut_routes_to_detection ... ok
test run_loop::tests::grammar_check_shortcut_surfaces_capabilities_error_without_arm ... ok
test run_loop::tests::grammar_check_shortcut_surfaces_read_context_error_without_capability_or_arm ... ok
test run_loop::tests::grammar_detection_allows_collapsed_selection ... ok
test run_loop::tests::grammar_detection_allows_per_app_on_override_when_global_default_is_off ... ok
test run_loop::tests::grammar_detection_blocks_without_fresh_browser_domain_when_domain_rules_exist ... ok
test run_loop::tests::grammar_detection_refresh_allows_current_allowed_browser_url ... ok
test run_loop::tests::grammar_detection_refresh_drops_stale_allowed_browser_domain ... ok
test run_loop::tests::grammar_detection_refresh_reads_current_browser_url_before_gating ... ok
test run_loop::tests::grammar_detection_rejects_non_empty_selection ... ok
test run_loop::tests::grammar_detection_respects_enable_per_app_snooze_and_axset ... ok
test run_loop::tests::grammar_fix_config_and_per_app_lists_parse ... ok
test run_loop::tests::grammar_pre_read_policy_blocks_disabled_paths_before_ax_text ... ok
test run_loop::tests::grammar_request_bounds_left_context_to_a_caret_adjacent_tail ... ok
test run_loop::tests::grammar_trigger_dispatches_midword_whole_word_range ... ok
test run_loop::tests::grammar_trigger_dispatches_word_at_caret_scalar_range ... ok
test run_loop::tests::grammar_trigger_rejects_an_overlong_word_before_inference ... ok
test run_loop::tests::handle_control_event_grammar_check_without_field_stays_disarmed ... ok
test run_loop::tests::handle_control_event_routes_dismiss_cycle_and_force_activate ... ok
test run_loop::tests::handle_control_event_toggle_global_flips_flag_clears_monitored_and_retracts ... ok
test run_loop::tests::handle_emoji_gender_change_clamps_out_of_range_atomic_to_last_gender ... ok
test run_loop::tests::handle_emoji_skin_tone_change_clamps_out_of_range_atomic_to_last_tone ... ok
test run_loop::tests::hex_key_parses_64_chars_and_rejects_bad_input ... ok
test run_loop::tests::host_event_drain_reports_backlog ... ok
test run_loop::tests::host_event_queue_drops_old_caret_to_preserve_control_event ... ok
test run_loop::tests::host_event_queue_drops_old_focus_to_preserve_control_event ... ok
test run_loop::tests::host_event_queue_keeps_carets_that_follow_a_refocus_when_dropping_focus ... ok
test run_loop::tests::host_event_queue_never_orphans_caret_when_dropping_focus ... ok
test run_loop::tests::host_event_queue_refuses_when_only_control_events_remain ... ok
test run_loop::tests::hydrate_previous_inputs_never_displaces_this_session_history ... ok
test run_loop::tests::hydrate_previous_inputs_respects_every_write_path_gate ... ok
test run_loop::tests::hydrate_previous_inputs_seeds_the_ring_once_then_stops_reading ... ok
test run_loop::tests::inference_timeout_exit_guard_subprocess_helper ... ignored, subprocess helper: deliberately terminates with A32's hard-exit code
test run_loop::tests::inference_timeout_exit_guard_uses_no_cleanup_termination ... 
running 1 test
ok
test run_loop::tests::inference_timeout_watchdog_bounds_stuck_cleanup ... 
running 1 test
ok
test run_loop::tests::inference_timeout_watchdog_subprocess_helper ... ignored, subprocess helper: watchdog deliberately terminates with A32's hard-exit code
test run_loop::tests::instance_lock_io_failure_fails_closed_before_startup_side_effects ... ok
test run_loop::tests::latency_sample_computes_elapsed_and_prunes_older_generations ... ok
test run_loop::tests::latency_sample_is_none_for_an_untracked_generation ... ok
test run_loop::tests::latency_sample_prunes_all_lower_generations_in_one_call ... ok
test run_loop::tests::latency_sample_returns_zero_when_outcome_same_ms_as_submit ... ok
test run_loop::tests::latency_sample_saturates_rather_than_overflowing ... ok
test run_loop::tests::latency_sample_supports_repeated_calls_against_a_shared_map ... ok
test run_loop::tests::launch_at_login_applies_only_when_the_key_is_explicitly_set ... ok
test run_loop::tests::launch_at_login_settings_edge_applies_then_persists ... ok
test run_loop::tests::launch_at_login_settings_edge_restores_state_and_does_not_persist_on_failure ... ok
test run_loop::tests::lifetime_flush_creates_a_nested_missing_parent_and_leaves_no_temp ... ok
test run_loop::tests::lifetime_flush_creates_owner_only_parent_and_stats_file ... ok
test run_loop::tests::lifetime_flush_is_idempotent ... ok
test run_loop::tests::lifetime_flush_preserves_custom_parent_and_ignores_legacy_temp_symlink ... ok
test run_loop::tests::lifetime_flush_skips_without_path_and_errors_cleanly_on_unwritable_dest ... ok
test run_loop::tests::lifetime_flush_then_final_flush_never_double_counts ... ok
test run_loop::tests::lifetime_line_formats_persisted_plus_session_totals ... ok
test run_loop::tests::live_keymap_apply_orders_set_rearm_persist_and_reverts_on_failure ... ok
test run_loop::tests::live_memory_mode_transition_opens_and_persists_before_committing ... ok
test run_loop::tests::live_memory_mode_transition_rolls_back_store_when_persistence_fails ... ok
test run_loop::tests::live_personalization_edit_updates_worker_profile_and_persists_value ... ok
test run_loop::tests::live_rebind_failure_rearms_the_previous_keymap_after_revert ... ok
test run_loop::tests::live_rebind_sets_and_persists_the_recorder_resolved_masks_verbatim ... ok
test run_loop::tests::log_err_passes_through_ok_requests ... ok
test run_loop::tests::log_err_swallows_errors_into_empty_vec ... ok
test run_loop::tests::log_squelch_logs_changes_and_resumes_after_reset ... ok
test run_loop::tests::manual_grammar_request_drops_under_loading_unlike_pending_completions ... ok
test run_loop::tests::manual_grammar_request_uses_fresh_browser_url_before_gating ... ok
test run_loop::tests::memory_file_hardening_failure_drops_store_and_stops_at_the_failed_sidecar ... ok
test run_loop::tests::memory_file_probe_error_drops_store_without_attempting_hardening ... ok
test run_loop::tests::memory_mode_phase_persist_failure_rolls_back_the_selection_and_keeps_state ... ok
test run_loop::tests::memory_mode_phase_switch_persists_and_drops_rings_and_monitored_state ... ok
test run_loop::tests::memory_off_never_creates_a_missing_key_for_an_existing_database ... ok
test run_loop::tests::memory_off_opens_an_existing_store_without_using_the_create_key_path ... ok
test run_loop::tests::memory_off_rejects_a_database_symlink_before_loading_a_key ... ok
test run_loop::tests::memory_opens_with_the_keychain_fallback_key_when_env_key_is_missing ... ok
test run_loop::tests::memory_parent_posture_gate_fails_closed_without_mutating_preexisting_parent ... ok
test run_loop::tests::memory_parent_posture_gate_keeps_key_for_a_verified_store_open ... ok
test run_loop::tests::memory_parent_posture_gate_propagates_readback_errors ... ok
test run_loop::tests::memory_stays_unavailable_without_a_path_or_existing_database ... ok
test run_loop::tests::memory_storage_mode_defaults_off_and_parses_modes ... ok
test run_loop::tests::midline_opt_in_by_one_or_true ... ok
test run_loop::tests::midline_persist_value_round_trips_through_the_parser ... ok
test run_loop::tests::midline_settings_edge_applies_effective_app_policy_and_persists_global_default ... ok
test run_loop::tests::min_context_parses_and_clamps ... ok
test run_loop::tests::mirror_mode_only_for_mirror_only_apps ... ok
test run_loop::tests::missing_instance_lock_path_fails_closed_before_startup_side_effects ... ok
test run_loop::tests::model_download_busy_does_not_replace_tracked_status ... ok
test run_loop::tests::model_download_click_accepts_license_and_returns_persist_value ... ok
test run_loop::tests::model_download_click_blocks_below_min_ram_before_prompt_or_enqueue ... ok
test run_loop::tests::model_download_click_declines_license_without_recording_acceptance ... ok
test run_loop::tests::model_download_click_skips_prompt_for_already_accepted_license ... ok
test run_loop::tests::model_download_click_uses_selected_index_and_oob_falls_back_to_recommended ... ok
test run_loop::tests::model_download_phase_click_while_running_is_consumed_and_only_logs_progress ... ok
test run_loop::tests::model_download_phase_done_edge_persists_model_path_exactly_once ... ok
test run_loop::tests::model_download_phase_ram_block_consumes_the_click_without_starting ... ok
test run_loop::tests::model_download_phase_without_click_or_status_is_a_no_op ... ok
test run_loop::tests::model_download_prepare_failure_does_not_spawn_or_enqueue ... ok
test run_loop::tests::model_download_requeues_existing_file_when_hash_mismatches ... ok
test run_loop::tests::model_download_spawn_failure_does_not_enqueue_or_mark_running ... ok
test run_loop::tests::model_download_status_line_surfaces_progress_and_outcome_but_stays_quiet_when_ready ... ok
test run_loop::tests::model_path_override_wins_over_default ... ok
test run_loop::tests::monitored_buffers_are_isolated_per_same_app_field ... ok
test run_loop::tests::monitored_collection_gates_match_suggestion_privacy_blocks ... ok
test run_loop::tests::monitored_flush_blocks_relaunch_required_effective_untrusted_runtime ... ok
test run_loop::tests::monitored_flush_persists_when_secure_recheck_clears ... ok
test run_loop::tests::monitored_flush_rechecks_secure_input_before_persisting_pending_text ... ok
test run_loop::tests::monitored_flush_rechecks_secure_input_for_buffered_work ... ok
test run_loop::tests::monitored_flush_skips_secure_recheck_without_pending_work ... ok
test run_loop::tests::monitored_overflow_drops_until_next_boundary ... ok
test run_loop::tests::monitored_typing_honors_collection_privacy_gates ... ok
test run_loop::tests::monitored_typing_honors_disabled_and_excluded_app_blocks ... ok
test run_loop::tests::monitored_typing_stops_when_context_collection_is_blocked ... ok
test run_loop::tests::monitored_typing_uses_field_app_fallback_when_app_key_missing ... ok
test run_loop::tests::monitored_typing_uses_fresh_browser_url_before_persisting ... ok
test run_loop::tests::monitored_write_failure_drains_boundary_without_replay ... ok
test run_loop::tests::non_empty_stub_completion_is_kept ... ok
test run_loop::tests::numeric_knobs_fall_back_to_defaults_when_unparseable ... ok
test run_loop::tests::numeric_knobs_parse_and_clamp ... ok
test run_loop::tests::off_cleanup_store_never_hydrates_persisted_prompt_context ... ok
test run_loop::tests::offer_all_keeps_newest_request ... ok
test run_loop::tests::only_a_verified_signed_deep_link_reaches_confirmation_and_mutates_prefs ... ok
test run_loop::tests::only_unavailable_statuses_drop_pending_requests ... ok
test run_loop::tests::oversized_monitored_insert_persists_no_user_text ... ok
test run_loop::tests::oversized_monitored_insert_with_boundary_clears_partial_buffer ... ok
test run_loop::tests::parse_license_accepted_round_trips_and_normalizes ... ok
test run_loop::tests::per_app_autocorrect_on_list_overrides_a_global_off ... ok
test run_loop::tests::per_app_autocorrect_override_gates_the_replacement_offer ... ok
test run_loop::tests::per_app_thesaurus_override_survives_persistence_and_gates_the_offer ... ok
test run_loop::tests::persisting_a_model_path_under_a_set_env_var_warns_at_startup ... ok
test run_loop::tests::personalization_edit_rejoins_each_knob_onto_the_profile_and_persist_pair ... ok
test run_loop::tests::personalization_edits_phase_applies_persists_and_mirrors_every_knob ... ok
test run_loop::tests::personalization_edits_phase_without_edits_changes_nothing ... ok
test run_loop::tests::policy_transition_drops_partial_monitored_buffer_before_reuse ... ok
test run_loop::tests::previous_input_context_chars_is_zero_when_the_feature_is_off ... ok
test run_loop::tests::previous_inputs_record_and_read_with_canonical_bundle_id ... ok
test run_loop::tests::prompt_mode_raw_is_parsed ... ok
test run_loop::tests::queued_monitored_typing_preserves_terminal_compatibility_without_prompt ... ok
test run_loop::tests::queued_monitored_typing_uses_field_app_for_terminal_policy_when_app_key_missing ... ok
test run_loop::tests::queued_monitored_typing_uses_field_app_when_app_key_is_absent ... ok
test run_loop::tests::queued_monitored_typing_uses_policy_after_queueing ... ok
test run_loop::tests::record_license_acceptance_inserts_new_models ... ok
test run_loop::tests::replacement_accept_absorbs_the_delete_then_insert_echo ... ok
test run_loop::tests::replacement_debug_log_line_redacts_left_context ... ok
test run_loop::tests::replacement_decision_blocks_an_excluded_domain ... ok
test run_loop::tests::replacement_decision_combines_gate_and_offer ... ok
test run_loop::tests::replacement_decision_honors_snooze_and_auto_resumes ... ok
test run_loop::tests::replacement_decision_uses_canonical_fallback_on_resolver_miss ... ok
test run_loop::tests::replacement_offer_falls_through_autocorrect_to_localize ... ok
test run_loop::tests::replacement_offer_fires_for_enabled_word_features ... ok
test run_loop::tests::replacement_offer_prioritizes_emoji_then_word_features ... ok
test run_loop::tests::request_log_does_not_emit_prompt_text ... ok
test run_loop::tests::resolve_app_key_maps_pid_to_bundle_id ... ok
test run_loop::tests::resolve_app_key_returns_none_for_pid_above_i32_range ... ok
test run_loop::tests::screen_context_enable_reverts_false_when_permission_denied_or_spawn_fails ... ok
test run_loop::tests::screen_context_enable_starts_worker_and_sets_wait ... ok
test run_loop::tests::screen_ocr_submission_preserves_request_stamp_and_caret_rect ... ok
test run_loop::tests::screen_recording_requested_only_when_context_on_and_permission_missing ... ok
test run_loop::tests::secure_edge_clears_only_when_trusted ... ok
test run_loop::tests::secure_edge_detects_enter ... ok
test run_loop::tests::secure_edge_none_when_unchanged ... ok
test run_loop::tests::secure_field_blocks_suggestion_offer ... ok
test run_loop::tests::secure_input_caps_are_non_interactive_and_secure ... ok
test run_loop::tests::secure_input_subscription_error_is_fatal_when_trusted ... ok
test run_loop::tests::secure_policy_clears_buffered_monitored_text_without_boundary ... ok
test run_loop::tests::selection_replacement_absorbs_exact_range_echo_and_records_stats ... ok
test run_loop::tests::selection_thesaurus_offers_synonyms_for_one_selected_word ... ok
test run_loop::tests::selection_thesaurus_reaches_the_offer_after_a_selection_only_caret_event ... ok
test run_loop::tests::selection_thesaurus_rejects_unknown_multiword_and_non_atomic_fields ... ok
test run_loop::tests::session_usage_snapshot_uses_the_stats_wall_clock_window ... ok
test run_loop::tests::settings_context_bound_supports_late_clipboard_enable ... ok
test run_loop::tests::settings_flags_share_the_tray_enabled_atomic ... ok
test run_loop::tests::setup_lines_from_checks_renders_relaunch_required_after_accessibility_grant ... ok
test run_loop::tests::setup_pane_actions_phase_chosen_model_is_validated_before_persist ... ok
test run_loop::tests::setup_pane_actions_phase_consumes_grant_ax_and_screen_edges ... ok
test run_loop::tests::setup_pane_actions_phase_reveals_the_models_dir_after_creating_it ... ok
test run_loop::tests::setup_pane_composition_respects_the_row_limit ... ok
test run_loop::tests::setup_poll_fires_only_while_visible_and_spaced ... ok
test run_loop::tests::setup_row_line_renders_readiness_glyphs ... ok
test run_loop::tests::sidebar_only_apps_require_a_positive_assistant_field ... ok
test run_loop::tests::snooze_duration_matches_the_rendered_wording ... ok
test run_loop::tests::snooze_request_snoozes_for_an_hour_and_is_consumed ... ok
test run_loop::tests::startup_adapter_permission_failure_stops_before_engine ... ok
test run_loop::tests::startup_applies_accept_bindings_before_adapter_construction ... compme: inference worker started
compme: state=loading
compme: state=ready
compme: inference worker exited
ok
test run_loop::tests::startup_config_failure_aborts_before_platform_construction ... ok
test run_loop::tests::startup_degraded_subscriptions_surface_requires_relaunch ... compme: inference worker started
compme: state=loading
compme: state=ready
compme: inference worker exited
ok
test run_loop::tests::startup_env_shadow_notice_lines_keep_runtime_prefix_and_unset_keys_quiet ... ok
test run_loop::tests::startup_instance_lock_collision_exits_before_touching_adapter ... ok
test run_loop::tests::startup_key_bindings_apply_global_shortcuts_from_config ... ok
test run_loop::tests::startup_orders_lock_config_signals_permissions_before_platform ... compme: inference worker started
compme: state=loading
compme: state=ready
compme: inference worker exited
ok
test run_loop::tests::startup_overlay_failure_stops_before_engine ... ok
test run_loop::tests::startup_shortcut_config_drops_a_colliding_set_whole_on_this_host ... ok
test run_loop::tests::startup_survives_missing_linux_accessibility_service_without_permission_prompt ... compme: inference worker started
compme: state=loading
compme: state=ready
compme: inference worker exited
ok
test run_loop::tests::stat_outcome_maps_engine_events ... ok
test run_loop::tests::statistics_pane_composition_is_exactly_stats_rows_deep ... ok
test run_loop::tests::stats_flush_due_boundaries ... ok
test run_loop::tests::stats_pane_lines_render_one_sparkline_row_per_metric ... ok
test run_loop::tests::stats_range_group_indices_select_window_and_bucket_rows ... ok
test run_loop::tests::submit_gate_blocks_a_subdomain_of_an_excluded_domain ... ok
test run_loop::tests::submit_gate_blocks_an_excluded_domain ... ok
test run_loop::tests::submit_gate_blocks_while_snoozed_then_auto_resumes ... ok
test run_loop::tests::submit_gate_combines_app_terminal_and_preference_policy ... ok
test run_loop::tests::submit_gate_uses_grammar_left_context_not_empty_prompt ... ok
test run_loop::tests::submit_gate_uses_resolved_bundle_id_not_volatile_field_app ... ok
test run_loop::tests::submit_gated_request_submits_only_what_passes_the_field_gates ... ok
test run_loop::tests::submit_path_redacts_clipboard_before_storing_in_cell ... ok
test run_loop::tests::submit_tracking_does_not_overwrite_a_domain_already_on_the_request ... ok
test run_loop::tests::submit_tracking_does_not_record_rejected_requests ... ok
test run_loop::tests::submit_tracking_records_only_accepted_requests ... ok
test run_loop::tests::subscription_error_degrades_only_for_missing_accessibility_or_untrusted_startup ... ok
test run_loop::tests::suggestion_gates_apply_to_local_replacements_too ... ok
test run_loop::tests::suggestion_gates_honor_an_excluded_domain_when_present ... ok
test run_loop::tests::switch_edge_fires_once_per_change_and_tracks_current ... ok
test run_loop::tests::the_keychain_is_not_consulted_when_memory_is_off_or_path_is_missing ... ok
test run_loop::tests::thesaurus_offer_fires_for_enabled_feature ... ok
test run_loop::tests::thesaurus_selection_persist_value_round_trips_through_the_parser ... ok
test run_loop::tests::toggle_app_dismisses_iff_focused_app_was_enabled_before_toggle ... ok
test run_loop::tests::toggle_app_dismisses_only_when_app_was_enabled ... ok
test run_loop::tests::toggle_app_inverts_override_and_converges_across_baselines ... ok
test run_loop::tests::toggling_app_collection_flips_state_and_serializes_stably ... ok
test run_loop::tests::trailing_space_opt_in_by_one_or_true_and_off_by_default ... ok
test run_loop::tests::trailing_space_persist_value_round_trips_through_the_parser ... ok
test run_loop::tests::trailing_space_settings_edge_sets_engine_and_persists_once ... ok
test run_loop::tests::tray_app_disable_phase_always_excludes_persists_and_dismisses ... ok
test run_loop::tests::tray_app_disable_phase_hour_snoozes_the_app_without_persisting ... ok
test run_loop::tests::tray_app_disable_phase_without_a_focused_app_only_consumes_the_arm ... ok
test run_loop::tests::tray_collection_toggle_phase_flips_collection_and_round_trips_the_no_collect_key ... ok
test run_loop::tests::tray_collection_toggle_phase_without_a_focused_app_only_consumes_the_edge ... ok
test run_loop::tests::tray_disabled_blocks_suggestions_regardless_of_prefs ... ok
test run_loop::tests::trusted_key_parses_valid_hex_and_fails_closed_otherwise ... ok
test run_loop::tests::typing_domain_refreshes_browser_cache_when_a_domain_consumer_is_enabled ... ok
test run_loop::tests::unavailable_accessibility_service_degrades_without_masquerading_as_permission ... ok
test run_loop::tests::unparseable_pid_and_run_ms_fall_back_to_none ... ok
test run_loop::tests::unsupported_apps_are_gated_out ... ok
test run_loop::tests::valid_pid_and_run_ms_parse ... ok
test run_loop::tests::web_override_persist_removes_emptied_keys_instead_of_blanking ... ok
test run_loop::tests::web_override_persist_round_trips_all_five_overrides_on_one_app ... ok
test run_loop::tests::web_override_persist_round_trips_midline_autocorrect_tab_disabled_per_app ... ok
test run_loop::tests::web_override_persisted_keys_round_trip_through_build_prefs ... ok
test run_loop::tests::word_accept_records_nothing ... ok
test screen_ocr::tests::close_discards_pending_request ... ok
test screen_ocr::tests::dropping_worker_revokes_an_in_flight_publish ... ok
test screen_ocr::tests::latest_queue_coalesces_a_burst_to_the_newest_rect ... ok
test screen_ocr::tests::latest_queue_returns_none_when_closed ... ok
test screen_ocr::tests::publish_screen_context_redacts_before_publishing ... ok
test screen_ocr::tests::publish_screen_context_with_no_ocr_text_clears_the_cell ... ok
test screen_ocr::tests::request_never_waits_for_worker_drain_and_keeps_only_latest ... ok
test screen_ocr::tests::worker_exits_immediately_when_screen_context_disabled ... ok
test screen_ocr::tests::worker_runs_ocr_and_publishes_redacted_context_when_enabled ... ok
test setup_state::tests::screen_recording_row_is_omitted_when_screen_context_is_off ... ok
test setup_state::tests::setup_rows_keep_accessibility_prompt_before_relaunch_when_permission_is_missing ... ok
test setup_state::tests::setup_rows_offer_actions_only_where_they_make_sense ... ok
test setup_state::tests::setup_rows_show_relaunch_without_permission_prompt_after_degraded_startup ... ok
test shell::stub::tests::settings_window_stub_reports_unavailable_instead_of_silent_success ... ok
test status::tests::all_clear_is_ready ... ok
test status::tests::derive_status_all_false ... ok
test status::tests::every_status_has_renderable_title_and_line ... ok
test status::tests::loading_outranks_disabled ... ok
test status::tests::missing_permission_outranks_everything ... ok
test status::tests::not_ready_is_loading_when_trusted_and_unsecured ... ok
test status::tests::only_permission_block_needs_accessibility_affordance ... ok
test status::tests::only_ready_allows_suggestions ... ok
test status::tests::ready_but_disabled_is_disabled ... ok
test status::tests::relaunch_required_is_blocked_without_accessibility_affordance ... ok
test status::tests::relaunch_required_outranks_secure_model_loading_and_disabled_states_after_permission ... ok
test status::tests::secure_input_outranks_an_unwarmed_model ... ok
test status::tests::secure_input_outranks_readiness_and_toggle ... ok
test status::tests::snoozed_renders_only_over_ready ... ok
test status::tests::unavailable_accessibility_subscriptions_have_a_distinct_blocked_status ... ok
test status::tests::unavailable_model_is_blocked_not_loading ... ok
test status::tests::unavailable_model_outranks_loading_and_disabled ... ok
test url_actions::tests::actions_use_exact_allowlisted_urls ... ok
test url_actions::tests::armed_actions_are_consumed_once_in_menu_order ... ok
test wiring::tests::byte_index_for_char_lands_on_scalar_boundaries ... ok
test wiring::tests::caret_counts_combining_accent_as_two_scalars ... ok
test wiring::tests::caret_counts_skin_tone_emoji_as_two_scalars ... ok
test wiring::tests::caret_is_char_counted_for_unicode_left ... ok
test wiring::tests::caret_is_scalar_counted_for_astral_emoji_left ... ok
test wiring::tests::caret_is_scalar_counted_for_cjk_left ... ok
test wiring::tests::caret_move_within_unchanged_value_is_caret_moved ... ok
test wiring::tests::clear_drops_pending_request ... ok
test wiring::tests::equal_generation_request_overwrites ... ok
test wiring::tests::explicit_reset_forgets_baseline ... ok
test wiring::tests::first_observation_empty_is_unknown ... ok
test wiring::tests::first_observation_with_text_is_insert ... ok
test wiring::tests::growing_value_is_insert_with_previous_state ... ok
test wiring::tests::inserted_text_captures_middle_insert_without_existing_text ... ok
test wiring::tests::inserted_text_is_unicode_scalar_safe ... ok
test wiring::tests::inserted_text_rejects_replacements ... ok
test wiring::tests::inserted_text_rejects_wrapping_existing_text ... ok
test wiring::tests::latest_request_ignores_older ... ok
test wiring::tests::latest_request_keeps_newest ... ok
test wiring::tests::observe_with_inserted_text_captures_insert_delta ... ok
test wiring::tests::reconstructs_value_and_char_caret ... ok
test wiring::tests::same_length_change_is_unknown ... ok
test wiring::tests::selected_text_restores_the_full_value_without_changing_the_scalar_caret ... ok
test wiring::tests::selecting_existing_text_is_a_caret_move_not_a_delete ... ok
test wiring::tests::self_insert_absorbs_app_normalized_readback_as_caret_move ... ok
test wiring::tests::self_insert_noops_without_matching_baseline ... ok
test wiring::tests::self_insert_updates_baseline_so_readback_is_caret_move ... ok
test wiring::tests::self_insert_uses_char_caret_for_unicode_prefix ... ok
test wiring::tests::self_insert_uses_scalar_caret_after_astral_prefix ... ok
test wiring::tests::self_replace_clamps_replace_left_to_available_chars ... ok
test wiring::tests::self_replace_deletes_then_inserts_so_readback_is_caret_move ... ok
test wiring::tests::self_replace_noops_on_wrong_field ... ok
test wiring::tests::self_replace_noops_without_baseline ... ok
test wiring::tests::self_replace_range_absorbs_app_normalized_readback_as_caret_move ... ok
test wiring::tests::self_replace_range_absorbs_midword_correction_readback ... ok
test wiring::tests::self_replace_range_clamps_out_of_range_start_to_field_length ... ok
test wiring::tests::self_replace_range_noops_on_wrong_field ... ok
test wiring::tests::self_replace_range_resync_is_one_shot ... ok
test wiring::tests::shrinking_value_is_delete ... ok
test wiring::tests::switching_field_resets_baseline ... ok
test wiring::tests::take_empties_the_slot ... ok
test wiring::tests::take_on_empty_slot_is_none ... ok
test wiring::tests::trigger_is_carried_through ... ok
test wiring::tests::typing_after_a_caret_move_is_typed_again ... ok

test result: ok. 647 passed; 0 failed; 2 ignored; 0 measured; 0 filtered out; finished in 0.88s

     Running tests/config_startup.rs (target/debug/deps/config_startup-12038a6cdc667fe9)

running 2 tests
test startup_accepts_a_basename_config_path ... ok
test startup_fails_closed_and_names_an_unreadable_config_path ... ok

test result: ok. 2 passed; 0 failed; 0 ignored; 0 measured; 0 filtered out; finished in 0.03s

==> [5/44] cargo test --locked --doc --workspace --exclude platform_macos
warning: missing documentation for the crate
 --> vendor/llama-cpp-2/build.rs:1:1
  |
1 | / fn main() {
2 | |     if let Ok(dir) = std::env::var("DEP_LLAMA_BACKENDS_DIR") {
3 | |         println!("cargo:rustc-env=GGML_BACKENDS_DIR={}", dir);
4 | |     }
5 | | }
  | |_^
  |
  = note: requested on the command line with `-W missing-docs`

warning: `llama-cpp-2` (build script) generated 1 warning
warning: use of deprecated enum `model::Special`: This enum is a mixture of options for llama cpp providing less flexibility it only used with deprecated methods and will be removed in the future.
   --> vendor/llama-cpp-2/src/model.rs:265:18
    |
265 |         special: Special,
    |                  ^^^^^^^
    |
    = note: `#[warn(deprecated)]` on by default

warning: use of deprecated unit variant `model::Special::Tokenize`: This enum is a mixture of options for llama cpp providing less flexibility it only used with deprecated methods and will be removed in the future.
   --> vendor/llama-cpp-2/src/model.rs:272:40
    |
272 |             matches!(special, Special::Tokenize),
    |                                        ^^^^^^^^

warning: use of deprecated enum `model::Special`: This enum is a mixture of options for llama cpp providing less flexibility it only used with deprecated methods and will be removed in the future.
   --> vendor/llama-cpp-2/src/model.rs:290:18
    |
290 |         special: Special,
    |                  ^^^^^^^

warning: use of deprecated unit variant `model::Special::Tokenize`: This enum is a mixture of options for llama cpp providing less flexibility it only used with deprecated methods and will be removed in the future.
   --> vendor/llama-cpp-2/src/model.rs:293:78
    |
293 |         match self.token_to_piece_bytes(token, 8, matches!(special, Special::Tokenize), None) {
    |                                                                              ^^^^^^^^

warning: use of deprecated unit variant `model::Special::Tokenize`: This enum is a mixture of options for llama cpp providing less flexibility it only used with deprecated methods and will be removed in the future.
   --> vendor/llama-cpp-2/src/model.rs:297:44
    |
297 |                 matches!(special, Special::Tokenize),
    |                                            ^^^^^^^^

warning: use of deprecated enum `model::Special`: This enum is a mixture of options for llama cpp providing less flexibility it only used with deprecated methods and will be removed in the future.
   --> vendor/llama-cpp-2/src/model.rs:316:18
    |
316 |         special: Special,
    |                  ^^^^^^^

warning: use of deprecated unit variant `model::Special::Tokenize`: This enum is a mixture of options for llama cpp providing less flexibility it only used with deprecated methods and will be removed in the future.
   --> vendor/llama-cpp-2/src/model.rs:322:81
    |
322 |             .map(|t| self.token_to_piece_bytes(t, 8, matches!(special, Special::Tokenize), None))
    |                                                                                 ^^^^^^^^

warning: use of deprecated enum `model::Special`: This enum is a mixture of options for llama cpp providing less flexibility it only used with deprecated methods and will be removed in the future.
   --> vendor/llama-cpp-2/src/model.rs:532:18
    |
532 |         special: Special,
    |                  ^^^^^^^

warning: use of deprecated unit variant `model::Special::Tokenize`: This enum is a mixture of options for llama cpp providing less flexibility it only used with deprecated methods and will be removed in the future.
   --> vendor/llama-cpp-2/src/model.rs:537:40
    |
537 |             matches!(special, Special::Tokenize),
    |                                        ^^^^^^^^

warning: use of deprecated enum `model::Special`: This enum is a mixture of options for llama cpp providing less flexibility it only used with deprecated methods and will be removed in the future.
   --> vendor/llama-cpp-2/src/model.rs:562:18
    |
562 |         special: Special,
    |                  ^^^^^^^

warning: use of deprecated unit variant `model::Special::Tokenize`: This enum is a mixture of options for llama cpp providing less flexibility it only used with deprecated methods and will be removed in the future.
   --> vendor/llama-cpp-2/src/model.rs:581:22
    |
581 |             Special::Tokenize => true,
    |                      ^^^^^^^^

warning: use of deprecated unit variant `model::Special::Plaintext`: This enum is a mixture of options for llama cpp providing less flexibility it only used with deprecated methods and will be removed in the future.
   --> vendor/llama-cpp-2/src/model.rs:582:22
    |
582 |             Special::Plaintext => false,
    |                      ^^^^^^^^^

warning: missing documentation for a variant
   --> vendor/llama-cpp-2/src/model.rs:149:5
    |
149 |     Norm,
    |     ^^^^
    |
    = note: requested on the command line with `-W missing-docs`

warning: missing documentation for a variant
   --> vendor/llama-cpp-2/src/model.rs:150:5
    |
150 |     NeoX,
    |     ^^^^

warning: missing documentation for a variant
   --> vendor/llama-cpp-2/src/model.rs:151:5
    |
151 |     MRope,
    |     ^^^^^

warning: missing documentation for a variant
   --> vendor/llama-cpp-2/src/model.rs:152:5
    |
152 |     Vision,
    |     ^^^^^^

warning: `llama-cpp-2` (lib) generated 16 warnings
    Finished `test` profile [unoptimized + debuginfo] target(s) in 0.13s
   Doc-tests app

running 0 tests

test result: ok. 0 passed; 0 failed; 0 ignored; 0 measured; 0 filtered out; finished in 0.00s

   Doc-tests autocorrect

running 0 tests

test result: ok. 0 passed; 0 failed; 0 ignored; 0 measured; 0 filtered out; finished in 0.00s

   Doc-tests compat

running 0 tests

test result: ok. 0 passed; 0 failed; 0 ignored; 0 measured; 0 filtered out; finished in 0.00s

   Doc-tests context

running 0 tests

test result: ok. 0 passed; 0 failed; 0 ignored; 0 measured; 0 filtered out; finished in 0.00s

   Doc-tests emoji

running 0 tests

test result: ok. 0 passed; 0 failed; 0 ignored; 0 measured; 0 filtered out; finished in 0.00s

   Doc-tests engine

running 0 tests

test result: ok. 0 passed; 0 failed; 0 ignored; 0 measured; 0 filtered out; finished in 0.00s

   Doc-tests engine_core

running 0 tests

test result: ok. 0 passed; 0 failed; 0 ignored; 0 measured; 0 filtered out; finished in 0.00s

   Doc-tests grammar

running 1 test
test crates/grammar/src/lib.rs - capitalize_pronoun (line 25) ... ok

test result: ok. 1 passed; 0 failed; 0 ignored; 0 measured; 0 filtered out; finished in 0.07s

   Doc-tests localize

running 0 tests

test result: ok. 0 passed; 0 failed; 0 ignored; 0 measured; 0 filtered out; finished in 0.00s

   Doc-tests memory

running 0 tests

test result: ok. 0 passed; 0 failed; 0 ignored; 0 measured; 0 filtered out; finished in 0.00s

   Doc-tests model_catalog

running 0 tests

test result: ok. 0 passed; 0 failed; 0 ignored; 0 measured; 0 filtered out; finished in 0.00s

   Doc-tests model_client

running 0 tests

test result: ok. 0 passed; 0 failed; 0 ignored; 0 measured; 0 filtered out; finished in 0.00s

   Doc-tests model_fetch

running 0 tests

test result: ok. 0 passed; 0 failed; 0 ignored; 0 measured; 0 filtered out; finished in 0.00s

   Doc-tests personalization

running 0 tests

test result: ok. 0 passed; 0 failed; 0 ignored; 0 measured; 0 filtered out; finished in 0.00s

   Doc-tests platform

running 0 tests

test result: ok. 0 passed; 0 failed; 0 ignored; 0 measured; 0 filtered out; finished in 0.00s

   Doc-tests platform_linux

running 0 tests

test result: ok. 0 passed; 0 failed; 0 ignored; 0 measured; 0 filtered out; finished in 0.00s

   Doc-tests platform_windows

running 0 tests

test result: ok. 0 passed; 0 failed; 0 ignored; 0 measured; 0 filtered out; finished in 0.00s

   Doc-tests prefs

running 0 tests

test result: ok. 0 passed; 0 failed; 0 ignored; 0 measured; 0 filtered out; finished in 0.00s

   Doc-tests ranker

running 0 tests

test result: ok. 0 passed; 0 failed; 0 ignored; 0 measured; 0 filtered out; finished in 0.00s

   Doc-tests redaction

running 0 tests

test result: ok. 0 passed; 0 failed; 0 ignored; 0 measured; 0 filtered out; finished in 0.00s

   Doc-tests shell_flags

running 0 tests

test result: ok. 0 passed; 0 failed; 0 ignored; 0 measured; 0 filtered out; finished in 0.00s

   Doc-tests stats

running 0 tests

test result: ok. 0 passed; 0 failed; 0 ignored; 0 measured; 0 filtered out; finished in 0.00s

   Doc-tests textcase

running 0 tests

test result: ok. 0 passed; 0 failed; 0 ignored; 0 measured; 0 filtered out; finished in 0.00s

   Doc-tests thesaurus

running 0 tests

test result: ok. 0 passed; 0 failed; 0 ignored; 0 measured; 0 filtered out; finished in 0.00s

   Doc-tests webconfig

running 0 tests

test result: ok. 0 passed; 0 failed; 0 ignored; 0 measured; 0 filtered out; finished in 0.00s

==> [6/44] RUSTDOCFLAGS="-D warnings" cargo doc --no-deps --workspace --exclude platform_macos
warning: missing documentation for the crate
 --> vendor/llama-cpp-2/build.rs:1:1
  |
1 | / fn main() {
2 | |     if let Ok(dir) = std::env::var("DEP_LLAMA_BACKENDS_DIR") {
3 | |         println!("cargo:rustc-env=GGML_BACKENDS_DIR={}", dir);
4 | |     }
5 | | }
  | |_^
  |
  = note: requested on the command line with `-W missing-docs`

warning: `llama-cpp-2` (build script) generated 1 warning
warning: use of deprecated enum `model::Special`: This enum is a mixture of options for llama cpp providing less flexibility it only used with deprecated methods and will be removed in the future.
   --> vendor/llama-cpp-2/src/model.rs:265:18
    |
265 |         special: Special,
    |                  ^^^^^^^
    |
    = note: `#[warn(deprecated)]` on by default

warning: use of deprecated unit variant `model::Special::Tokenize`: This enum is a mixture of options for llama cpp providing less flexibility it only used with deprecated methods and will be removed in the future.
   --> vendor/llama-cpp-2/src/model.rs:272:40
    |
272 |             matches!(special, Special::Tokenize),
    |                                        ^^^^^^^^

warning: use of deprecated enum `model::Special`: This enum is a mixture of options for llama cpp providing less flexibility it only used with deprecated methods and will be removed in the future.
   --> vendor/llama-cpp-2/src/model.rs:290:18
    |
290 |         special: Special,
    |                  ^^^^^^^

warning: use of deprecated unit variant `model::Special::Tokenize`: This enum is a mixture of options for llama cpp providing less flexibility it only used with deprecated methods and will be removed in the future.
   --> vendor/llama-cpp-2/src/model.rs:293:78
    |
293 |         match self.token_to_piece_bytes(token, 8, matches!(special, Special::Tokenize), None) {
    |                                                                              ^^^^^^^^

warning: use of deprecated unit variant `model::Special::Tokenize`: This enum is a mixture of options for llama cpp providing less flexibility it only used with deprecated methods and will be removed in the future.
   --> vendor/llama-cpp-2/src/model.rs:297:44
    |
297 |                 matches!(special, Special::Tokenize),
    |                                            ^^^^^^^^

warning: use of deprecated enum `model::Special`: This enum is a mixture of options for llama cpp providing less flexibility it only used with deprecated methods and will be removed in the future.
   --> vendor/llama-cpp-2/src/model.rs:316:18
    |
316 |         special: Special,
    |                  ^^^^^^^

warning: use of deprecated unit variant `model::Special::Tokenize`: This enum is a mixture of options for llama cpp providing less flexibility it only used with deprecated methods and will be removed in the future.
   --> vendor/llama-cpp-2/src/model.rs:322:81
    |
322 |             .map(|t| self.token_to_piece_bytes(t, 8, matches!(special, Special::Tokenize), None))
    |                                                                                 ^^^^^^^^

warning: use of deprecated enum `model::Special`: This enum is a mixture of options for llama cpp providing less flexibility it only used with deprecated methods and will be removed in the future.
   --> vendor/llama-cpp-2/src/model.rs:532:18
    |
532 |         special: Special,
    |                  ^^^^^^^

warning: use of deprecated unit variant `model::Special::Tokenize`: This enum is a mixture of options for llama cpp providing less flexibility it only used with deprecated methods and will be removed in the future.
   --> vendor/llama-cpp-2/src/model.rs:537:40
    |
537 |             matches!(special, Special::Tokenize),
    |                                        ^^^^^^^^

warning: use of deprecated enum `model::Special`: This enum is a mixture of options for llama cpp providing less flexibility it only used with deprecated methods and will be removed in the future.
   --> vendor/llama-cpp-2/src/model.rs:562:18
    |
562 |         special: Special,
    |                  ^^^^^^^

warning: use of deprecated unit variant `model::Special::Tokenize`: This enum is a mixture of options for llama cpp providing less flexibility it only used with deprecated methods and will be removed in the future.
   --> vendor/llama-cpp-2/src/model.rs:581:22
    |
581 |             Special::Tokenize => true,
    |                      ^^^^^^^^

warning: use of deprecated unit variant `model::Special::Plaintext`: This enum is a mixture of options for llama cpp providing less flexibility it only used with deprecated methods and will be removed in the future.
   --> vendor/llama-cpp-2/src/model.rs:582:22
    |
582 |             Special::Plaintext => false,
    |                      ^^^^^^^^^

warning: missing documentation for a variant
   --> vendor/llama-cpp-2/src/model.rs:149:5
    |
149 |     Norm,
    |     ^^^^
    |
    = note: requested on the command line with `-W missing-docs`

warning: missing documentation for a variant
   --> vendor/llama-cpp-2/src/model.rs:150:5
    |
150 |     NeoX,
    |     ^^^^

warning: missing documentation for a variant
   --> vendor/llama-cpp-2/src/model.rs:151:5
    |
151 |     MRope,
    |     ^^^^^

warning: missing documentation for a variant
   --> vendor/llama-cpp-2/src/model.rs:152:5
    |
152 |     Vision,
    |     ^^^^^^

warning: `llama-cpp-2` (lib) generated 16 warnings
 Documenting platform v0.1.6 (/home/mudrii/src/compme/crates/platform)
 Documenting app v0.1.6 (/home/mudrii/src/compme/crates/app)
    Finished `dev` profile [unoptimized + debuginfo] target(s) in 2.33s
   Generated /home/mudrii/src/compme/target/doc/app/index.html and 25 other files
==> [7/44] cargo check --locked -p platform_macos --target aarch64-apple-darwin --all-targets
    Checking platform_macos v0.1.6 (/home/mudrii/src/compme/crates/platform_macos)
    Finished `dev` profile [unoptimized + debuginfo] target(s) in 1.10s
==> [8/44] find tools/acceptance tools/bundle tools/dev tools/release -type f \( -name '*.sh' -o -path tools/dev/pre-push \) -print0 | xargs -0 -n1 bash -n
==> [9/44] find tools -type f \( -name '*.sh' -o -path tools/dev/pre-push \) -print0 | xargs -0 shellcheck --severity=error
==> [10/44] go run github.com/rhysd/actionlint/cmd/actionlint@v1.7.12 -color
==> [11/44] tools/release/validate-version.sh --self-test
Self-test passed
==> [12/44] tools/release/check-version-docs.sh --self-test
Self-test passed
==> [13/44] tools/release/check-version-docs.sh
Version docs OK: v0.1.6 in README.md, SECURITY.md, docs/ROADMAP.md, docs/RELEASING.md, docs/DEVELOPMENT.md, docs/ACCEPTANCE.md, docs/ARCHITECTURE.md, docs/MANUAL-VALIDATION.md
==> [14/44] tools/bundle/check-bundle-metadata.sh
Bundle metadata OK: version=0.1.6 id=com.compme.app executable=compme scheme=compme macos_min=14.0
==> [15/44] tools/bundle/check-bundle-metadata.sh --self-test
Self-test passed
==> [16/44] ruby -c Casks/compme.rb
Syntax OK
==> [17/44] tools/bundle/make-app.sh --self-test
Self-test passed
==> [18/44] tools/bundle/make-appimage.sh --self-test
Experimental AppImage: /tmp/nix-shell-524314-1649677541/compme-appimage-test.uGwvE7/out/success.AppImage
Refusing to overwrite output
Build on the oldest supported distribution; Nix loader paths are not portable
usage: /home/mudrii/src/compme/tools/bundle/make-appimage.sh --binary PATH --runtime PATH --output PATH
       /home/mudrii/src/compme/tools/bundle/make-appimage.sh --self-test
AppImage packaging self-test passed
==> [19/44] tools/acceptance/e2e-complete-me.sh --self-test
PASS self-test-e2e-product-exit-status
PASS self-test-e2e-product-exit-status-success
PASS self-test-e2e-no-raw-output
PASS self-test-e2e-product-env-isolated
PASS self-test-e2e-no-raw-banner
PASS self-test-e2e-word-default-has-remainder
PASS self-test-e2e-word-only-default-is-single-word
PASS self-test-e2e-full-key-sequence
PASS self-test-e2e-word-key-sequence
PASS self-test-e2e-word-only-key-sequence
PASS self-test-e2e-word-explicit-stub-preserved
PASS self-test-e2e-evidence-summary-redacts-hostile-content
PASS self-test-e2e-pipeline-evidence-full-success
PASS self-test-e2e-pipeline-evidence-real-rejects-unrelated-growth
PASS self-test-e2e-pipeline-evidence-word-only-success
PASS self-test-e2e-pipeline-evidence-real-word-only-rejects-unsupported-mode
PASS self-test-e2e-document-suffix-success
PASS self-test-e2e-document-suffix-rejects-missing-space
PASS self-test-e2e-pipeline-evidence-real-word-accepts-bounded-growth
PASS self-test-e2e-pipeline-evidence-real-word-rejects-overgrowth
PASS self-test-e2e-pipeline-evidence-missing-readback
PASS self-test-e2e-pipeline-evidence-mismatched-generation
PASS self-test-e2e-pipeline-evidence-hostile-requests
PASS self-test-e2e-pipeline-evidence-hostile-stage-text
PASS self-test-e2e-pipeline-evidence-full-missing-stages
PASS self-test-e2e-pipeline-evidence-word-missing-stages
PASS self-test-e2e-pipeline-evidence-real-model-readback-success
PASS self-test-e2e-pipeline-evidence-real-model-unchanged-readback
PASS self-test-e2e-pipeline-evidence-real-ignores-embedded-candidate-lengths
PASS self-test-e2e-real-model-configures-without-stub
PASS self-test-e2e-real-model-rejects-word-only
PASS self-test-e2e-real-model-rejects-stub-completion
PASS self-test-e2e-rejects-invalid-accept-mode
PASS self-test-e2e-rejects-invalid-real-model
PASS self-test-e2e-rejects-extra-self-test-arg
PASS self-test-e2e-rejects-extra-normal-arg
E2E self-tests passed
==> [20/44] tools/acceptance/missing-model-startup.sh --self-test
PASS self-test-missing-model-startup-success
PASS self-test-missing-model-startup-secure-input-status
PASS self-test-missing-model-startup-accessibility-unavailable
PASS self-test-missing-model-startup-duplicate-instance
PASS self-test-missing-model-startup-request-rejected
PASS self-test-missing-model-startup-exit-status
PASS self-test-missing-model-startup-env-isolated
PASS self-test-missing-model-startup-startup-log-required
PASS self-test-missing-model-startup-recovery-log-required
PASS self-test-missing-model-startup-setup-log-required
PASS self-test-missing-model-startup-status-log-required
PASS self-test-missing-model-startup-argc
PASS self-test-missing-model-startup-normal-argc
Missing-model startup self-tests passed
==> [21/44] tools/acceptance/run-ui-assisted-session.sh --self-test
Self-test passed
==> [22/44] tools/acceptance/run-linux-atspi-session.sh --self-test
PASS self-test-atspi-session-env-sanitized
PASS self-test-atspi-session-parses-displayfd
PASS self-test-atspi-session-rejects-bad-displayfd
PASS self-test-atspi-session-wait-gives-up
PASS self-test-atspi-session-wait-succeeds
PASS self-test-atspi-session-unprovisioned-host-skips
PASS self-test-atspi-session-finds-helper-in-libexec
PASS self-test-atspi-session-finds-helper-in-libexec/at-spi2-core
PASS self-test-atspi-session-finds-helper-in-lib/at-spi2-core
PASS self-test-atspi-session-missing-helper-reports-paths
PASS self-test-atspi-session-argument-handling
PASS self-test-atspi-session-c2-probe-requires-xdotool
PASS self-test-atspi-session-names-agree
atspi-session self-test PASS
==> [23/44] tools/release/check-linux-live-test-count.sh --self-test
Self-test passed
==> [24/44] tools/release/check-linux-live-test-count.sh
    Finished `test` profile [unoptimized + debuginfo] target(s) in 0.12s
     Running unittests src/lib.rs (target/debug/deps/platform_linux-fc7935ed3232ce39)
   Doc-tests platform_linux
Linux live-test count OK: 42 (39 AT-SPI/X11 adapter tests + 1 each for confirm, keyring, reveal)
==> [25/44] tools/release/check-model-client-features.sh
model_client feature check skipped: host is x86_64-unknown-linux-gnu, not macOS
model_client feature check passed: linux x86_64
model_client feature check passed: windows x86_64
==> [26/44] tools/release/check-model-client-features.sh --self-test
Self-test passed
==> [27/44] tools/release/check-vendor-drift.sh
llama-cpp-2 pins agree on 0.1.146 (2 model_client + 1 spike + vendored manifest)
vendor tree matches upstream except 7 allowlisted paths
digest manifest re-derived from /home/mudrii/src/compme/target/.cargo/registry/cache/index.crates.io-1949cf8c6b5b557f/llama-cpp-2-0.1.146.crate: the committed digests are the published tarball's
vendor drift check passed: vendor/llama-cpp-2 matches llama-cpp-2 0.1.146
==> [28/44] tools/release/check-vendor-drift.sh --self-test
Self-test passed
==> [29/44] tools/release/check-agent-briefs.sh
agent briefs OK: AGENTS.md canonical, 3 symlinks intact, no rogue briefs
==> [30/44] tools/release/check-agent-briefs.sh --self-test
Self-test passed
==> [31/44] tools/release/check-privacy-policy.sh
==> [32/44] tools/release/check-privacy-policy.sh --self-test
Self-test passed
==> [33/44] tools/release/check-github-governance.sh --self-test
Self-test passed
==> [34/44] bash tools/release/check-model-gates.sh --self-test
Self-test passed
==> [35/44] tools/dev/check.sh --self-test
Self-test passed
==> [36/44] tools/dev/benchmark-model.sh --self-test
benchmark-model self-test passed
==> [37/44] tools/release/run-model-gates.sh --self-test
Self-test passed
==> [38/44] tools/release/check-quality.sh --self-test
Self-test passed
==> [39/44] tools/release/update-cask.sh --self-test
Self-test passed
==> [40/44] tools/release/prepare-draft-release.sh --self-test
prepare-draft-release self-tests passed
==> [41/44] tools/release/scrub-git-credentials.sh --self-test
scrub-git-credentials self-tests passed
==> [42/44] tools/release/finalize-cask.sh --self-test
From /tmp/nix-shell-524314-1649677541/compme-finalize-cask.0ie6EY/noop/remote
 * [new tag]         v9.8.7     -> refs/compme-release/tags/v9.8.7
Switched to a new branch 'main'
From /tmp/nix-shell-524314-1649677541/compme-finalize-cask.0ie6EY/noop/remote
 * branch            main       -> FETCH_HEAD
Everything up-to-date
From /tmp/nix-shell-524314-1649677541/compme-finalize-cask.0ie6EY/summary/remote
 * [new tag]         v9.8.7     -> refs/compme-release/tags/v9.8.7
Switched to a new branch 'main'
From /tmp/nix-shell-524314-1649677541/compme-finalize-cask.0ie6EY/summary/remote
 * branch            main       -> FETCH_HEAD
Everything up-to-date
From /tmp/nix-shell-524314-1649677541/compme-finalize-cask.0ie6EY/modify/remote
 * [new tag]         v9.8.7     -> refs/compme-release/tags/v9.8.7
Switched to a new branch 'main'
From /tmp/nix-shell-524314-1649677541/compme-finalize-cask.0ie6EY/modify/remote
 * branch            main       -> FETCH_HEAD
To /tmp/nix-shell-524314-1649677541/compme-finalize-cask.0ie6EY/modify/remote.git
   0d2fd0b..bf96d24  HEAD -> main
From /tmp/nix-shell-524314-1649677541/compme-finalize-cask.0ie6EY/lagging/remote
 * [new tag]         v9.8.7     -> refs/compme-release/tags/v9.8.7
Switched to a new branch 'main'
From /tmp/nix-shell-524314-1649677541/compme-finalize-cask.0ie6EY/lagging/remote
 * branch            main       -> FETCH_HEAD
To /tmp/nix-shell-524314-1649677541/compme-finalize-cask.0ie6EY/lagging/remote.git
   6e3b1e5..e78fb16  HEAD -> main
From /tmp/nix-shell-524314-1649677541/compme-finalize-cask.0ie6EY/lagging-fetch/remote
 * [new tag]         v9.8.7     -> refs/compme-release/tags/v9.8.7
Switched to a new branch 'main'
From /tmp/nix-shell-524314-1649677541/compme-finalize-cask.0ie6EY/lagging-fetch/remote
 * branch            main       -> FETCH_HEAD
To /tmp/nix-shell-524314-1649677541/compme-finalize-cask.0ie6EY/lagging-fetch/remote.git
   c0f488e..8702328  HEAD -> main
From /tmp/nix-shell-524314-1649677541/compme-finalize-cask.0ie6EY/lagging-stray-tags/remote
 * [new tag]         v9.8.7     -> refs/compme-release/tags/v9.8.7
Switched to a new branch 'main'
From /tmp/nix-shell-524314-1649677541/compme-finalize-cask.0ie6EY/lagging-stray-tags/remote
 * branch            main       -> FETCH_HEAD
To /tmp/nix-shell-524314-1649677541/compme-finalize-cask.0ie6EY/lagging-stray-tags/remote.git
   264a74f..9aba1ff  HEAD -> main
From /tmp/nix-shell-524314-1649677541/compme-finalize-cask.0ie6EY/frozen-provenance/remote
 * [new tag]         v9.8.7     -> refs/compme-release/tags/v9.8.7
Previous HEAD position was 97fb555 initial
Switched to a new branch 'main'
From /tmp/nix-shell-524314-1649677541/compme-finalize-cask.0ie6EY/frozen-provenance/remote
 * branch            main       -> FETCH_HEAD
To /tmp/nix-shell-524314-1649677541/compme-finalize-cask.0ie6EY/frozen-provenance/remote.git
   633ebe4..9329818  HEAD -> main
From /tmp/nix-shell-524314-1649677541/compme-finalize-cask.0ie6EY/dirty-tag-checkout/remote
 * [new tag]         v9.8.7     -> refs/compme-release/tags/v9.8.7
Switched to a new branch 'main'
From /tmp/nix-shell-524314-1649677541/compme-finalize-cask.0ie6EY/dirty-tag-checkout/remote
 * branch            main       -> FETCH_HEAD
To /tmp/nix-shell-524314-1649677541/compme-finalize-cask.0ie6EY/dirty-tag-checkout/remote.git
   97fb555..3a404ee  HEAD -> main
Already on 'main'
From /tmp/nix-shell-524314-1649677541/compme-finalize-cask.0ie6EY/push-fail/remote
 * branch            main       -> FETCH_HEAD
To /tmp/nix-shell-524314-1649677541/compme-finalize-cask.0ie6EY/push-fail/remote.git
   fda95e0..0c7d839  HEAD -> main
Self-test passed
==> [43/44] tools/release/notarize-app.sh --self-test
Self-test passed
==> [44/44] tools/release/write-update-manifest.sh --self-test
Self-test passed
check.sh: gate complete: 44 run, 0 skipped of 44 commands
